[{"x":32,"y":39,"plane":0},{"x":32,"y":40,"plane":0},{"x":32,"y":41,"plane":0},{"x":32,"y":42,"plane":0},{"x":32,"y":43,"plane":0},{"x":48,"y":43,"plane":0},{"x":32,"y":44,"plane":0},{"x":48,"y":44,"plane":0},{"x":32,"y":45,"plane":0},{"x":48,"y":45,"plane":0},{"x":32,"y":46,"plane":0},{"x":48,"y":46,"plane":0},{"x":32,"y":47,"plane":0},{"x":48,"y":47,"plane":0},{"x":32,"y":48,"plane":0},{"x":48,"y":48,"plane":0},{"x":48,"y":48,"plane":1},{"x":48,"y":48,"plane":2},{"x":48,"y":48,"plane":3},{"x":32,"y":49,"plane":0},{"x":48,"y":49,"plane":0},{"x":48,"y":49,"plane":1},{"x":48,"y":49,"plane":2},{"x":32,"y":50,"plane":0},{"x":48,"y":50,"plane":0},{"x":48,"y":50,"plane":1},{"x":48,"y":50,"plane":3},{"x":32,"y":51,"plane":0},{"x":48,"y":51,"plane":0},{"x":48,"y":51,"plane":1},{"x":48,"y":51,"plane":3},{"x":32,"y":52,"plane":0},{"x":48,"y":52,"plane":0},{"x":48,"y":52,"plane":1},{"x":48,"y":52,"plane":2},{"x":32,"y":53,"plane":0},{"x":48,"y":53,"plane":0},{"x":48,"y":53,"plane":1},{"x":48,"y":53,"plane":2},{"x":32,"y":54,"plane":0},{"x":48,"y":54,"plane":0},{"x":48,"y":54,"plane":1},{"x":32,"y":55,"plane":0},{"x":48,"y":55,"plane":0},{"x":32,"y":56,"plane":0},{"x":48,"y":56,"plane":0},{"x":48,"y":56,"plane":1},{"x":48,"y":56,"plane":2},{"x":48,"y":56,"plane":3},{"x":32,"y":57,"plane":0},{"x":48,"y":57,"plane":0},{"x":32,"y":58,"plane":0},{"x":48,"y":58,"plane":0},{"x":32,"y":59,"plane":0},{"x":48,"y":59,"plane":0},{"x":32,"y":60,"plane":0},{"x":32,"y":60,"plane":1},{"x":48,"y":60,"plane":0},{"x":32,"y":61,"plane":0},{"x":32,"y":61,"plane":1},{"x":32,"y":61,"plane":2},{"x":48,"y":61,"plane":0},{"x":48,"y":61,"plane":1},{"x":48,"y":61,"plane":2},{"x":32,"y":62,"plane":0},{"x":48,"y":62,"plane":0},{"x":32,"y":63,"plane":0},{"x":48,"y":63,"plane":0},{"x":32,"y":64,"plane":0},{"x":48,"y":64,"plane":0},{"x":32,"y":69,"plane":0},{"x":32,"y":69,"plane":1},{"x":32,"y":70,"plane":0},{"x":48,"y":74,"plane":0},{"x":32,"y":75,"plane":0},{"x":48,"y":75,"plane":0},{"x":32,"y":76,"plane":0},{"x":32,"y":76,"plane":2},{"x":32,"y":77,"plane":2},{"x":32,"y":77,"plane":3},{"x":32,"y":78,"plane":0},{"x":48,"y":81,"plane":0},{"x":32,"y":84,"plane":0},{"x":32,"y":84,"plane":1},{"x":32,"y":84,"plane":2},{"x":32,"y":84,"plane":3},{"x":32,"y":86,"plane":0},{"x":32,"y":86,"plane":1},{"x":32,"y":86,"plane":2},{"x":32,"y":88,"plane":0},{"x":32,"y":91,"plane":0},{"x":32,"y":92,"plane":0},{"x":32,"y":93,"plane":0},{"x":32,"y":93,"plane":1},{"x":32,"y":94,"plane":0},{"x":32,"y":96,"plane":0},{"x":32,"y":96,"plane":1},{"x":32,"y":96,"plane":2},{"x":32,"y":96,"plane":3},{"x":32,"y":140,"plane":1},{"x":48,"y":145,"plane":0},{"x":48,"y":145,"plane":1},{"x":48,"y":145,"plane":2},{"x":48,"y":145,"plane":3},{"x":48,"y":148,"plane":0},{"x":48,"y":149,"plane":0},{"x":48,"y":149,"plane":1},{"x":48,"y":150,"plane":0},{"x":48,"y":150,"plane":1},{"x":48,"y":150,"plane":2},{"x":48,"y":151,"plane":0},{"x":48,"y":151,"plane":1},{"x":48,"y":151,"plane":2},{"x":48,"y":152,"plane":0},{"x":48,"y":152,"plane":1},{"x":48,"y":153,"plane":0},{"x":48,"y":153,"plane":1},{"x":48,"y":154,"plane":0},{"x":48,"y":154,"plane":1},{"x":48,"y":154,"plane":2},{"x":48,"y":155,"plane":0},{"x":48,"y":155,"plane":1},{"x":48,"y":156,"plane":0},{"x":33,"y":39,"plane":0},{"x":33,"y":40,"plane":0},{"x":33,"y":41,"plane":0},{"x":33,"y":42,"plane":0},{"x":33,"y":43,"plane":0},{"x":49,"y":43,"plane":0},{"x":33,"y":44,"plane":0},{"x":49,"y":44,"plane":0},{"x":33,"y":45,"plane":0},{"x":33,"y":45,"plane":1},{"x":49,"y":45,"plane":0},{"x":33,"y":46,"plane":0},{"x":33,"y":46,"plane":1},{"x":33,"y":46,"plane":2},{"x":49,"y":46,"plane":0},{"x":49,"y":46,"plane":1},{"x":49,"y":46,"plane":2},{"x":33,"y":47,"plane":0},{"x":49,"y":47,"plane":0},{"x":33,"y":48,"plane":0},{"x":33,"y":48,"plane":1},{"x":49,"y":48,"plane":0},{"x":49,"y":48,"plane":1},{"x":33,"y":49,"plane":0},{"x":49,"y":49,"plane":0},{"x":33,"y":50,"plane":0},{"x":49,"y":50,"plane":0},{"x":49,"y":50,"plane":1},{"x":49,"y":50,"plane":2},{"x":33,"y":51,"plane":0},{"x":49,"y":51,"plane":0},{"x":49,"y":51,"plane":1},{"x":49,"y":51,"plane":2},{"x":33,"y":52,"plane":0},{"x":33,"y":52,"plane":1},{"x":49,"y":52,"plane":0},{"x":49,"y":52,"plane":1},{"x":49,"y":52,"plane":2},{"x":49,"y":52,"plane":3},{"x":33,"y":53,"plane":0},{"x":49,"y":53,"plane":0},{"x":49,"y":53,"plane":1},{"x":49,"y":53,"plane":2},{"x":49,"y":53,"plane":3},{"x":33,"y":54,"plane":0},{"x":49,"y":54,"plane":0},{"x":49,"y":54,"plane":1},{"x":49,"y":54,"plane":2},{"x":49,"y":54,"plane":3},{"x":33,"y":55,"plane":0},{"x":49,"y":55,"plane":0},{"x":33,"y":56,"plane":0},{"x":49,"y":56,"plane":0},{"x":49,"y":56,"plane":1},{"x":49,"y":56,"plane":2},{"x":49,"y":56,"plane":3},{"x":33,"y":57,"plane":0},{"x":49,"y":57,"plane":0},{"x":33,"y":58,"plane":0},{"x":49,"y":58,"plane":0},{"x":49,"y":58,"plane":1},{"x":33,"y":59,"plane":0},{"x":49,"y":59,"plane":0},{"x":33,"y":60,"plane":0},{"x":33,"y":60,"plane":1},{"x":33,"y":60,"plane":2},{"x":33,"y":60,"plane":3},{"x":49,"y":60,"plane":0},{"x":33,"y":61,"plane":0},{"x":33,"y":61,"plane":1},{"x":33,"y":61,"plane":2},{"x":33,"y":61,"plane":3},{"x":49,"y":61,"plane":0},{"x":33,"y":62,"plane":0},{"x":49,"y":62,"plane":0},{"x":33,"y":63,"plane":0},{"x":49,"y":63,"plane":0},{"x":33,"y":64,"plane":0},{"x":49,"y":64,"plane":0},{"x":33,"y":66,"plane":0},{"x":33,"y":66,"plane":1},{"x":33,"y":66,"plane":2},{"x":33,"y":66,"plane":3},{"x":49,"y":67,"plane":0},{"x":49,"y":68,"plane":0},{"x":49,"y":68,"plane":1},{"x":49,"y":68,"plane":2},{"x":49,"y":69,"plane":0},{"x":49,"y":69,"plane":1},{"x":33,"y":71,"plane":1},{"x":33,"y":71,"plane":2},{"x":49,"y":71,"plane":0},{"x":49,"y":71,"plane":1},{"x":49,"y":71,"plane":2},{"x":33,"y":72,"plane":1},{"x":33,"y":72,"plane":2},{"x":49,"y":72,"plane":0},{"x":49,"y":72,"plane":1},{"x":33,"y":73,"plane":1},{"x":33,"y":73,"plane":2},{"x":33,"y":75,"plane":0},{"x":49,"y":75,"plane":0},{"x":33,"y":76,"plane":0},{"x":33,"y":76,"plane":1},{"x":33,"y":77,"plane":0},{"x":33,"y":77,"plane":1},{"x":33,"y":77,"plane":2},{"x":33,"y":77,"plane":3},{"x":49,"y":77,"plane":0},{"x":33,"y":78,"plane":0},{"x":49,"y":78,"plane":0},{"x":33,"y":79,"plane":0},{"x":33,"y":79,"plane":1},{"x":33,"y":79,"plane":2},{"x":33,"y":79,"plane":3},{"x":49,"y":79,"plane":0},{"x":33,"y":80,"plane":0},{"x":49,"y":81,"plane":0},{"x":49,"y":81,"plane":1},{"x":33,"y":82,"plane":0},{"x":33,"y":82,"plane":1},{"x":33,"y":82,"plane":2},{"x":33,"y":82,"plane":3},{"x":49,"y":83,"plane":0},{"x":49,"y":83,"plane":1},{"x":33,"y":86,"plane":0},{"x":33,"y":86,"plane":3},{"x":33,"y":88,"plane":0},{"x":33,"y":88,"plane":1},{"x":49,"y":89,"plane":0},{"x":33,"y":91,"plane":0},{"x":33,"y":92,"plane":0},{"x":49,"y":92,"plane":0},{"x":33,"y":93,"plane":0},{"x":49,"y":93,"plane":0},{"x":33,"y":94,"plane":0},{"x":49,"y":94,"plane":0},{"x":49,"y":95,"plane":0},{"x":49,"y":95,"plane":1},{"x":49,"y":96,"plane":0},{"x":65,"y":141,"plane":0},{"x":65,"y":142,"plane":0},{"x":65,"y":142,"plane":1},{"x":65,"y":142,"plane":2},{"x":33,"y":145,"plane":0},{"x":49,"y":146,"plane":0},{"x":49,"y":149,"plane":0},{"x":49,"y":149,"plane":1},{"x":49,"y":149,"plane":2},{"x":49,"y":150,"plane":0},{"x":49,"y":151,"plane":0},{"x":49,"y":152,"plane":0},{"x":49,"y":153,"plane":0},{"x":49,"y":154,"plane":0},{"x":49,"y":155,"plane":1},{"x":49,"y":156,"plane":0},{"x":49,"y":157,"plane":0},{"x":49,"y":158,"plane":0},{"x":49,"y":159,"plane":0},{"x":49,"y":193,"plane":0},{"x":49,"y":194,"plane":0},{"x":18,"y":39,"plane":0},{"x":34,"y":39,"plane":0},{"x":18,"y":40,"plane":0},{"x":34,"y":40,"plane":0},{"x":18,"y":41,"plane":0},{"x":34,"y":41,"plane":0},{"x":18,"y":42,"plane":0},{"x":34,"y":42,"plane":0},{"x":18,"y":43,"plane":0},{"x":34,"y":43,"plane":0},{"x":50,"y":43,"plane":0},{"x":50,"y":43,"plane":1},{"x":50,"y":43,"plane":2},{"x":50,"y":43,"plane":3},{"x":18,"y":44,"plane":0},{"x":34,"y":44,"plane":0},{"x":50,"y":44,"plane":0},{"x":18,"y":45,"plane":0},{"x":34,"y":45,"plane":0},{"x":50,"y":45,"plane":0},{"x":18,"y":46,"plane":0},{"x":34,"y":46,"plane":0},{"x":50,"y":46,"plane":0},{"x":18,"y":47,"plane":0},{"x":34,"y":47,"plane":0},{"x":34,"y":47,"plane":1},{"x":50,"y":47,"plane":0},{"x":18,"y":48,"plane":0},{"x":34,"y":48,"plane":0},{"x":50,"y":48,"plane":0},{"x":18,"y":49,"plane":0},{"x":34,"y":49,"plane":0},{"x":50,"y":49,"plane":0},{"x":18,"y":50,"plane":0},{"x":34,"y":50,"plane":0},{"x":50,"y":50,"plane":0},{"x":50,"y":50,"plane":1},{"x":50,"y":50,"plane":2},{"x":50,"y":50,"plane":3},{"x":34,"y":51,"plane":0},{"x":50,"y":51,"plane":0},{"x":34,"y":52,"plane":0},{"x":34,"y":52,"plane":1},{"x":34,"y":52,"plane":2},{"x":50,"y":52,"plane":0},{"x":50,"y":52,"plane":1},{"x":34,"y":53,"plane":0},{"x":34,"y":53,"plane":1},{"x":34,"y":53,"plane":2},{"x":50,"y":53,"plane":0},{"x":50,"y":53,"plane":1},{"x":50,"y":53,"plane":2},{"x":50,"y":53,"plane":3},{"x":18,"y":54,"plane":0},{"x":34,"y":54,"plane":0},{"x":50,"y":54,"plane":0},{"x":50,"y":54,"plane":1},{"x":50,"y":54,"plane":2},{"x":50,"y":54,"plane":3},{"x":18,"y":55,"plane":0},{"x":34,"y":55,"plane":0},{"x":50,"y":55,"plane":0},{"x":18,"y":56,"plane":0},{"x":34,"y":56,"plane":0},{"x":50,"y":56,"plane":0},{"x":18,"y":57,"plane":0},{"x":34,"y":57,"plane":0},{"x":50,"y":57,"plane":0},{"x":18,"y":58,"plane":0},{"x":34,"y":58,"plane":0},{"x":50,"y":58,"plane":0},{"x":18,"y":59,"plane":0},{"x":34,"y":59,"plane":0},{"x":34,"y":59,"plane":1},{"x":34,"y":59,"plane":2},{"x":34,"y":59,"plane":3},{"x":50,"y":59,"plane":0},{"x":18,"y":60,"plane":0},{"x":34,"y":60,"plane":0},{"x":50,"y":60,"plane":0},{"x":18,"y":61,"plane":0},{"x":34,"y":61,"plane":0},{"x":50,"y":61,"plane":0},{"x":18,"y":62,"plane":0},{"x":34,"y":62,"plane":0},{"x":50,"y":62,"plane":0},{"x":18,"y":63,"plane":0},{"x":34,"y":63,"plane":0},{"x":50,"y":63,"plane":0},{"x":18,"y":64,"plane":0},{"x":34,"y":64,"plane":0},{"x":50,"y":64,"plane":0},{"x":50,"y":67,"plane":0},{"x":50,"y":69,"plane":0},{"x":34,"y":75,"plane":0},{"x":34,"y":77,"plane":0},{"x":34,"y":77,"plane":1},{"x":34,"y":78,"plane":0},{"x":34,"y":80,"plane":0},{"x":34,"y":85,"plane":0},{"x":34,"y":85,"plane":1},{"x":34,"y":85,"plane":2},{"x":50,"y":89,"plane":0},{"x":34,"y":91,"plane":1},{"x":34,"y":91,"plane":2},{"x":50,"y":92,"plane":0},{"x":34,"y":93,"plane":0},{"x":34,"y":93,"plane":1},{"x":34,"y":93,"plane":2},{"x":34,"y":93,"plane":3},{"x":50,"y":93,"plane":0},{"x":50,"y":94,"plane":0},{"x":50,"y":94,"plane":2},{"x":50,"y":95,"plane":0},{"x":50,"y":95,"plane":1},{"x":50,"y":95,"plane":2},{"x":50,"y":96,"plane":0},{"x":50,"y":96,"plane":1},{"x":50,"y":96,"plane":2},{"x":66,"y":141,"plane":0},{"x":66,"y":142,"plane":0},{"x":66,"y":142,"plane":1},{"x":66,"y":142,"plane":2},{"x":50,"y":144,"plane":0},{"x":50,"y":144,"plane":1},{"x":50,"y":145,"plane":0},{"x":50,"y":146,"plane":0},{"x":50,"y":146,"plane":2},{"x":50,"y":148,"plane":2},{"x":50,"y":149,"plane":0},{"x":50,"y":149,"plane":1},{"x":50,"y":150,"plane":0},{"x":34,"y":151,"plane":0},{"x":50,"y":151,"plane":0},{"x":50,"y":152,"plane":0},{"x":50,"y":153,"plane":0},{"x":50,"y":154,"plane":0},{"x":18,"y":155,"plane":0},{"x":50,"y":155,"plane":0},{"x":18,"y":156,"plane":0},{"x":50,"y":157,"plane":0},{"x":50,"y":158,"plane":0},{"x":50,"y":159,"plane":0},{"x":18,"y":160,"plane":0},{"x":50,"y":161,"plane":0},{"x":50,"y":193,"plane":0},{"x":50,"y":194,"plane":0},{"x":50,"y":195,"plane":0},{"x":19,"y":19,"plane":0},{"x":19,"y":39,"plane":0},{"x":35,"y":39,"plane":0},{"x":19,"y":40,"plane":0},{"x":35,"y":40,"plane":0},{"x":19,"y":41,"plane":0},{"x":35,"y":41,"plane":0},{"x":19,"y":42,"plane":0},{"x":35,"y":42,"plane":0},{"x":19,"y":43,"plane":0},{"x":35,"y":43,"plane":0},{"x":51,"y":43,"plane":0},{"x":51,"y":43,"plane":1},{"x":51,"y":43,"plane":2},{"x":51,"y":43,"plane":3},{"x":19,"y":44,"plane":0},{"x":35,"y":44,"plane":0},{"x":51,"y":44,"plane":0},{"x":19,"y":45,"plane":0},{"x":35,"y":45,"plane":0},{"x":35,"y":45,"plane":1},{"x":51,"y":45,"plane":0},{"x":51,"y":45,"plane":1},{"x":19,"y":46,"plane":0},{"x":35,"y":46,"plane":0},{"x":51,"y":46,"plane":0},{"x":19,"y":47,"plane":0},{"x":35,"y":47,"plane":0},{"x":51,"y":47,"plane":0},{"x":51,"y":47,"plane":1},{"x":51,"y":47,"plane":2},{"x":19,"y":48,"plane":0},{"x":35,"y":48,"plane":0},{"x":51,"y":48,"plane":0},{"x":19,"y":49,"plane":0},{"x":35,"y":49,"plane":0},{"x":51,"y":49,"plane":0},{"x":51,"y":49,"plane":1},{"x":51,"y":49,"plane":2},{"x":51,"y":49,"plane":3},{"x":19,"y":50,"plane":0},{"x":35,"y":50,"plane":0},{"x":51,"y":50,"plane":0},{"x":51,"y":50,"plane":1},{"x":35,"y":51,"plane":0},{"x":51,"y":51,"plane":0},{"x":35,"y":52,"plane":0},{"x":51,"y":52,"plane":0},{"x":51,"y":52,"plane":1},{"x":35,"y":53,"plane":0},{"x":51,"y":53,"plane":0},{"x":51,"y":53,"plane":1},{"x":51,"y":53,"plane":2},{"x":19,"y":54,"plane":0},{"x":35,"y":54,"plane":0},{"x":51,"y":54,"plane":0},{"x":51,"y":54,"plane":1},{"x":51,"y":54,"plane":2},{"x":19,"y":55,"plane":0},{"x":19,"y":55,"plane":3},{"x":35,"y":55,"plane":0},{"x":51,"y":55,"plane":0},{"x":19,"y":56,"plane":0},{"x":19,"y":56,"plane":1},{"x":35,"y":56,"plane":0},{"x":51,"y":56,"plane":0},{"x":19,"y":57,"plane":0},{"x":19,"y":57,"plane":1},{"x":35,"y":57,"plane":0},{"x":51,"y":57,"plane":0},{"x":19,"y":58,"plane":0},{"x":35,"y":58,"plane":0},{"x":51,"y":58,"plane":0},{"x":19,"y":59,"plane":0},{"x":35,"y":59,"plane":0},{"x":51,"y":59,"plane":0},{"x":19,"y":60,"plane":0},{"x":35,"y":60,"plane":0},{"x":51,"y":60,"plane":0},{"x":19,"y":61,"plane":0},{"x":35,"y":61,"plane":0},{"x":51,"y":61,"plane":0},{"x":51,"y":61,"plane":1},{"x":51,"y":61,"plane":2},{"x":51,"y":61,"plane":3},{"x":19,"y":62,"plane":0},{"x":35,"y":62,"plane":0},{"x":51,"y":62,"plane":0},{"x":19,"y":63,"plane":0},{"x":35,"y":63,"plane":0},{"x":51,"y":63,"plane":0},{"x":19,"y":64,"plane":0},{"x":35,"y":64,"plane":0},{"x":51,"y":64,"plane":0},{"x":51,"y":66,"plane":0},{"x":51,"y":67,"plane":0},{"x":51,"y":67,"plane":1},{"x":51,"y":69,"plane":0},{"x":51,"y":72,"plane":0},{"x":51,"y":72,"plane":1},{"x":35,"y":73,"plane":0},{"x":35,"y":73,"plane":3},{"x":35,"y":74,"plane":0},{"x":51,"y":74,"plane":0},{"x":35,"y":75,"plane":0},{"x":35,"y":75,"plane":1},{"x":35,"y":75,"plane":2},{"x":35,"y":75,"plane":3},{"x":51,"y":75,"plane":0},{"x":51,"y":77,"plane":0},{"x":35,"y":78,"plane":0},{"x":51,"y":78,"plane":0},{"x":51,"y":78,"plane":1},{"x":51,"y":79,"plane":0},{"x":51,"y":79,"plane":1},{"x":51,"y":80,"plane":0},{"x":51,"y":81,"plane":0},{"x":51,"y":81,"plane":1},{"x":51,"y":82,"plane":0},{"x":51,"y":82,"plane":1},{"x":51,"y":82,"plane":2},{"x":35,"y":83,"plane":0},{"x":51,"y":83,"plane":0},{"x":51,"y":83,"plane":1},{"x":51,"y":83,"plane":2},{"x":51,"y":84,"plane":0},{"x":51,"y":85,"plane":0},{"x":51,"y":85,"plane":1},{"x":35,"y":86,"plane":0},{"x":35,"y":86,"plane":1},{"x":35,"y":86,"plane":2},{"x":35,"y":86,"plane":3},{"x":51,"y":86,"plane":0},{"x":51,"y":87,"plane":0},{"x":35,"y":88,"plane":0},{"x":51,"y":88,"plane":0},{"x":51,"y":89,"plane":0},{"x":35,"y":90,"plane":0},{"x":35,"y":90,"plane":1},{"x":35,"y":90,"plane":2},{"x":51,"y":90,"plane":0},{"x":51,"y":90,"plane":1},{"x":51,"y":90,"plane":2},{"x":35,"y":91,"plane":0},{"x":35,"y":91,"plane":1},{"x":35,"y":91,"plane":2},{"x":35,"y":91,"plane":3},{"x":51,"y":91,"plane":0},{"x":51,"y":91,"plane":2},{"x":35,"y":92,"plane":0},{"x":35,"y":92,"plane":1},{"x":35,"y":92,"plane":2},{"x":35,"y":92,"plane":3},{"x":51,"y":92,"plane":0},{"x":35,"y":93,"plane":0},{"x":35,"y":93,"plane":1},{"x":35,"y":93,"plane":2},{"x":35,"y":93,"plane":3},{"x":51,"y":93,"plane":0},{"x":35,"y":94,"plane":0},{"x":35,"y":94,"plane":1},{"x":35,"y":94,"plane":2},{"x":35,"y":94,"plane":3},{"x":51,"y":94,"plane":0},{"x":51,"y":94,"plane":2},{"x":51,"y":95,"plane":0},{"x":51,"y":95,"plane":2},{"x":51,"y":96,"plane":0},{"x":35,"y":143,"plane":0},{"x":51,"y":143,"plane":0},{"x":51,"y":144,"plane":0},{"x":51,"y":144,"plane":2},{"x":51,"y":146,"plane":0},{"x":51,"y":147,"plane":0},{"x":51,"y":147,"plane":1},{"x":51,"y":148,"plane":0},{"x":51,"y":148,"plane":1},{"x":51,"y":149,"plane":0},{"x":51,"y":149,"plane":1},{"x":51,"y":150,"plane":0},{"x":51,"y":153,"plane":0},{"x":51,"y":153,"plane":1},{"x":51,"y":153,"plane":2},{"x":51,"y":153,"plane":3},{"x":51,"y":154,"plane":0},{"x":35,"y":156,"plane":0},{"x":19,"y":157,"plane":0},{"x":19,"y":158,"plane":0},{"x":19,"y":159,"plane":0},{"x":19,"y":159,"plane":1},{"x":19,"y":159,"plane":2},{"x":35,"y":163,"plane":0},{"x":51,"y":194,"plane":0},{"x":51,"y":196,"plane":0},{"x":20,"y":19,"plane":0},{"x":20,"y":20,"plane":0},{"x":20,"y":39,"plane":0},{"x":36,"y":39,"plane":0},{"x":20,"y":40,"plane":0},{"x":36,"y":40,"plane":0},{"x":20,"y":41,"plane":0},{"x":36,"y":41,"plane":0},{"x":20,"y":42,"plane":0},{"x":36,"y":42,"plane":0},{"x":20,"y":43,"plane":0},{"x":36,"y":43,"plane":0},{"x":20,"y":44,"plane":0},{"x":36,"y":44,"plane":0},{"x":52,"y":44,"plane":0},{"x":52,"y":44,"plane":1},{"x":52,"y":44,"plane":2},{"x":52,"y":44,"plane":3},{"x":20,"y":45,"plane":0},{"x":36,"y":45,"plane":0},{"x":52,"y":45,"plane":0},{"x":20,"y":46,"plane":0},{"x":36,"y":46,"plane":0},{"x":52,"y":46,"plane":0},{"x":52,"y":46,"plane":1},{"x":52,"y":46,"plane":2},{"x":52,"y":46,"plane":3},{"x":20,"y":47,"plane":0},{"x":36,"y":47,"plane":0},{"x":52,"y":47,"plane":0},{"x":20,"y":48,"plane":0},{"x":36,"y":48,"plane":0},{"x":36,"y":48,"plane":1},{"x":52,"y":48,"plane":0},{"x":20,"y":49,"plane":0},{"x":36,"y":49,"plane":0},{"x":36,"y":49,"plane":1},{"x":36,"y":49,"plane":2},{"x":52,"y":49,"plane":0},{"x":20,"y":50,"plane":0},{"x":36,"y":50,"plane":0},{"x":52,"y":50,"plane":0},{"x":52,"y":50,"plane":1},{"x":36,"y":51,"plane":0},{"x":52,"y":51,"plane":0},{"x":52,"y":51,"plane":1},{"x":36,"y":52,"plane":0},{"x":52,"y":52,"plane":0},{"x":52,"y":52,"plane":1},{"x":36,"y":53,"plane":0},{"x":52,"y":53,"plane":0},{"x":20,"y":54,"plane":0},{"x":20,"y":54,"plane":1},{"x":36,"y":54,"plane":0},{"x":52,"y":54,"plane":0},{"x":20,"y":55,"plane":0},{"x":36,"y":55,"plane":0},{"x":52,"y":55,"plane":0},{"x":20,"y":56,"plane":0},{"x":20,"y":56,"plane":1},{"x":36,"y":56,"plane":0},{"x":52,"y":56,"plane":0},{"x":20,"y":57,"plane":0},{"x":36,"y":57,"plane":0},{"x":52,"y":57,"plane":0},{"x":20,"y":58,"plane":0},{"x":36,"y":58,"plane":0},{"x":52,"y":58,"plane":0},{"x":20,"y":59,"plane":0},{"x":36,"y":59,"plane":0},{"x":36,"y":59,"plane":1},{"x":36,"y":59,"plane":2},{"x":52,"y":59,"plane":0},{"x":20,"y":60,"plane":0},{"x":36,"y":60,"plane":0},{"x":36,"y":60,"plane":1},{"x":52,"y":60,"plane":0},{"x":52,"y":60,"plane":1},{"x":52,"y":60,"plane":2},{"x":20,"y":61,"plane":0},{"x":36,"y":61,"plane":0},{"x":52,"y":61,"plane":0},{"x":20,"y":62,"plane":0},{"x":36,"y":62,"plane":0},{"x":52,"y":62,"plane":0},{"x":20,"y":63,"plane":0},{"x":36,"y":63,"plane":0},{"x":52,"y":63,"plane":0},{"x":20,"y":64,"plane":0},{"x":36,"y":64,"plane":0},{"x":52,"y":64,"plane":0},{"x":36,"y":69,"plane":0},{"x":36,"y":69,"plane":1},{"x":36,"y":71,"plane":0},{"x":36,"y":72,"plane":0},{"x":36,"y":72,"plane":1},{"x":52,"y":74,"plane":0},{"x":36,"y":75,"plane":0},{"x":52,"y":75,"plane":0},{"x":52,"y":75,"plane":1},{"x":36,"y":77,"plane":0},{"x":36,"y":78,"plane":0},{"x":52,"y":78,"plane":0},{"x":52,"y":78,"plane":3},{"x":36,"y":79,"plane":0},{"x":36,"y":79,"plane":1},{"x":52,"y":79,"plane":0},{"x":52,"y":80,"plane":0},{"x":52,"y":80,"plane":2},{"x":36,"y":81,"plane":0},{"x":36,"y":81,"plane":1},{"x":36,"y":81,"plane":2},{"x":36,"y":81,"plane":3},{"x":52,"y":81,"plane":0},{"x":52,"y":81,"plane":1},{"x":52,"y":82,"plane":0},{"x":52,"y":82,"plane":1},{"x":52,"y":82,"plane":2},{"x":52,"y":83,"plane":0},{"x":52,"y":83,"plane":1},{"x":52,"y":83,"plane":2},{"x":52,"y":84,"plane":0},{"x":52,"y":85,"plane":0},{"x":52,"y":85,"plane":1},{"x":52,"y":86,"plane":0},{"x":52,"y":87,"plane":0},{"x":52,"y":88,"plane":0},{"x":52,"y":89,"plane":0},{"x":36,"y":90,"plane":1},{"x":52,"y":90,"plane":0},{"x":52,"y":90,"plane":2},{"x":36,"y":91,"plane":0},{"x":36,"y":91,"plane":1},{"x":36,"y":91,"plane":2},{"x":36,"y":91,"plane":3},{"x":52,"y":91,"plane":0},{"x":52,"y":91,"plane":2},{"x":36,"y":92,"plane":3},{"x":52,"y":92,"plane":0},{"x":52,"y":92,"plane":1},{"x":52,"y":92,"plane":2},{"x":52,"y":92,"plane":3},{"x":36,"y":93,"plane":0},{"x":36,"y":93,"plane":1},{"x":36,"y":93,"plane":2},{"x":36,"y":93,"plane":3},{"x":52,"y":93,"plane":0},{"x":36,"y":94,"plane":1},{"x":36,"y":94,"plane":2},{"x":52,"y":94,"plane":0},{"x":52,"y":95,"plane":0},{"x":52,"y":96,"plane":0},{"x":36,"y":142,"plane":0},{"x":36,"y":142,"plane":1},{"x":36,"y":143,"plane":0},{"x":36,"y":143,"plane":1},{"x":36,"y":144,"plane":0},{"x":36,"y":144,"plane":1},{"x":52,"y":145,"plane":0},{"x":52,"y":145,"plane":1},{"x":36,"y":146,"plane":0},{"x":36,"y":147,"plane":0},{"x":52,"y":148,"plane":0},{"x":52,"y":148,"plane":1},{"x":36,"y":149,"plane":0},{"x":52,"y":149,"plane":0},{"x":52,"y":149,"plane":1},{"x":36,"y":150,"plane":0},{"x":52,"y":150,"plane":0},{"x":52,"y":150,"plane":1},{"x":52,"y":150,"plane":2},{"x":52,"y":151,"plane":0},{"x":52,"y":151,"plane":1},{"x":52,"y":151,"plane":2},{"x":52,"y":152,"plane":0},{"x":52,"y":152,"plane":1},{"x":36,"y":153,"plane":0},{"x":36,"y":153,"plane":1},{"x":52,"y":153,"plane":0},{"x":52,"y":153,"plane":1},{"x":36,"y":154,"plane":0},{"x":36,"y":154,"plane":1},{"x":52,"y":154,"plane":0},{"x":20,"y":155,"plane":0},{"x":20,"y":157,"plane":0},{"x":20,"y":157,"plane":1},{"x":52,"y":157,"plane":0},{"x":20,"y":158,"plane":1},{"x":52,"y":158,"plane":0},{"x":20,"y":159,"plane":0},{"x":20,"y":159,"plane":1},{"x":20,"y":159,"plane":2},{"x":20,"y":160,"plane":0},{"x":20,"y":160,"plane":1},{"x":36,"y":161,"plane":2},{"x":36,"y":161,"plane":3},{"x":21,"y":19,"plane":0},{"x":21,"y":39,"plane":0},{"x":37,"y":39,"plane":0},{"x":21,"y":40,"plane":0},{"x":37,"y":40,"plane":0},{"x":21,"y":41,"plane":0},{"x":37,"y":41,"plane":0},{"x":21,"y":42,"plane":0},{"x":37,"y":42,"plane":0},{"x":21,"y":43,"plane":0},{"x":37,"y":43,"plane":0},{"x":21,"y":44,"plane":0},{"x":37,"y":44,"plane":0},{"x":21,"y":45,"plane":0},{"x":37,"y":45,"plane":0},{"x":53,"y":45,"plane":0},{"x":53,"y":45,"plane":1},{"x":53,"y":45,"plane":2},{"x":21,"y":46,"plane":0},{"x":37,"y":46,"plane":0},{"x":53,"y":46,"plane":0},{"x":21,"y":47,"plane":0},{"x":37,"y":47,"plane":0},{"x":37,"y":47,"plane":1},{"x":37,"y":47,"plane":2},{"x":37,"y":47,"plane":3},{"x":53,"y":47,"plane":0},{"x":21,"y":48,"plane":0},{"x":37,"y":48,"plane":0},{"x":37,"y":48,"plane":1},{"x":37,"y":48,"plane":2},{"x":37,"y":48,"plane":3},{"x":53,"y":48,"plane":0},{"x":21,"y":49,"plane":0},{"x":37,"y":49,"plane":0},{"x":37,"y":49,"plane":1},{"x":53,"y":49,"plane":0},{"x":53,"y":49,"plane":1},{"x":53,"y":49,"plane":2},{"x":53,"y":49,"plane":3},{"x":21,"y":50,"plane":0},{"x":37,"y":50,"plane":0},{"x":53,"y":50,"plane":0},{"x":37,"y":51,"plane":0},{"x":53,"y":51,"plane":0},{"x":53,"y":51,"plane":1},{"x":37,"y":52,"plane":0},{"x":53,"y":52,"plane":0},{"x":37,"y":53,"plane":0},{"x":37,"y":53,"plane":1},{"x":37,"y":53,"plane":2},{"x":53,"y":53,"plane":0},{"x":21,"y":54,"plane":0},{"x":21,"y":54,"plane":1},{"x":21,"y":54,"plane":2},{"x":37,"y":54,"plane":0},{"x":37,"y":54,"plane":1},{"x":37,"y":54,"plane":3},{"x":53,"y":54,"plane":0},{"x":53,"y":54,"plane":1},{"x":53,"y":54,"plane":2},{"x":21,"y":55,"plane":0},{"x":21,"y":55,"plane":1},{"x":21,"y":55,"plane":2},{"x":37,"y":55,"plane":0},{"x":53,"y":55,"plane":0},{"x":53,"y":55,"plane":1},{"x":53,"y":55,"plane":2},{"x":53,"y":55,"plane":3},{"x":21,"y":56,"plane":0},{"x":37,"y":56,"plane":0},{"x":53,"y":56,"plane":0},{"x":21,"y":57,"plane":0},{"x":21,"y":57,"plane":2},{"x":37,"y":57,"plane":0},{"x":53,"y":57,"plane":0},{"x":21,"y":58,"plane":0},{"x":21,"y":58,"plane":1},{"x":37,"y":58,"plane":0},{"x":53,"y":58,"plane":0},{"x":21,"y":59,"plane":0},{"x":21,"y":59,"plane":1},{"x":21,"y":59,"plane":2},{"x":21,"y":59,"plane":3},{"x":37,"y":59,"plane":0},{"x":37,"y":59,"plane":1},{"x":37,"y":59,"plane":2},{"x":53,"y":59,"plane":0},{"x":21,"y":60,"plane":0},{"x":37,"y":60,"plane":0},{"x":37,"y":60,"plane":1},{"x":53,"y":60,"plane":0},{"x":21,"y":61,"plane":0},{"x":37,"y":61,"plane":0},{"x":53,"y":61,"plane":0},{"x":21,"y":62,"plane":0},{"x":37,"y":62,"plane":0},{"x":53,"y":62,"plane":0},{"x":21,"y":63,"plane":0},{"x":37,"y":63,"plane":0},{"x":53,"y":63,"plane":0},{"x":21,"y":64,"plane":0},{"x":37,"y":64,"plane":0},{"x":53,"y":64,"plane":0},{"x":37,"y":68,"plane":0},{"x":37,"y":68,"plane":1},{"x":37,"y":69,"plane":0},{"x":37,"y":69,"plane":1},{"x":37,"y":72,"plane":0},{"x":37,"y":72,"plane":2},{"x":37,"y":73,"plane":0},{"x":37,"y":73,"plane":1},{"x":53,"y":73,"plane":0},{"x":53,"y":74,"plane":0},{"x":37,"y":75,"plane":0},{"x":53,"y":75,"plane":0},{"x":53,"y":75,"plane":1},{"x":53,"y":75,"plane":2},{"x":53,"y":75,"plane":3},{"x":53,"y":76,"plane":0},{"x":37,"y":77,"plane":0},{"x":53,"y":77,"plane":0},{"x":37,"y":78,"plane":0},{"x":53,"y":78,"plane":0},{"x":37,"y":79,"plane":0},{"x":37,"y":79,"plane":1},{"x":37,"y":79,"plane":2},{"x":53,"y":79,"plane":0},{"x":53,"y":79,"plane":1},{"x":37,"y":80,"plane":0},{"x":37,"y":80,"plane":1},{"x":37,"y":80,"plane":2},{"x":37,"y":86,"plane":0},{"x":37,"y":90,"plane":0},{"x":37,"y":90,"plane":1},{"x":37,"y":90,"plane":2},{"x":37,"y":90,"plane":3},{"x":53,"y":90,"plane":0},{"x":53,"y":90,"plane":1},{"x":37,"y":91,"plane":0},{"x":37,"y":91,"plane":1},{"x":37,"y":91,"plane":2},{"x":37,"y":91,"plane":3},{"x":53,"y":91,"plane":0},{"x":53,"y":91,"plane":1},{"x":37,"y":92,"plane":0},{"x":37,"y":92,"plane":1},{"x":37,"y":92,"plane":2},{"x":37,"y":92,"plane":3},{"x":53,"y":92,"plane":0},{"x":37,"y":93,"plane":0},{"x":37,"y":142,"plane":0},{"x":37,"y":142,"plane":1},{"x":37,"y":143,"plane":1},{"x":37,"y":144,"plane":0},{"x":37,"y":144,"plane":1},{"x":37,"y":147,"plane":0},{"x":37,"y":148,"plane":0},{"x":37,"y":148,"plane":1},{"x":37,"y":149,"plane":0},{"x":53,"y":149,"plane":0},{"x":37,"y":150,"plane":0},{"x":37,"y":150,"plane":1},{"x":53,"y":150,"plane":0},{"x":53,"y":150,"plane":1},{"x":37,"y":151,"plane":0},{"x":37,"y":151,"plane":1},{"x":37,"y":151,"plane":2},{"x":37,"y":152,"plane":0},{"x":53,"y":152,"plane":0},{"x":53,"y":152,"plane":1},{"x":37,"y":153,"plane":0},{"x":53,"y":153,"plane":0},{"x":37,"y":154,"plane":0},{"x":37,"y":154,"plane":1},{"x":53,"y":154,"plane":0},{"x":53,"y":155,"plane":3},{"x":53,"y":157,"plane":0},{"x":53,"y":158,"plane":0},{"x":21,"y":159,"plane":0},{"x":21,"y":159,"plane":1},{"x":21,"y":159,"plane":2},{"x":37,"y":159,"plane":0},{"x":21,"y":160,"plane":0},{"x":21,"y":160,"plane":1},{"x":37,"y":160,"plane":0},{"x":37,"y":160,"plane":1},{"x":37,"y":160,"plane":2},{"x":37,"y":160,"plane":3},{"x":37,"y":162,"plane":0},{"x":37,"y":163,"plane":0},{"x":22,"y":39,"plane":0},{"x":38,"y":39,"plane":0},{"x":22,"y":40,"plane":0},{"x":38,"y":40,"plane":0},{"x":22,"y":41,"plane":0},{"x":38,"y":41,"plane":0},{"x":22,"y":42,"plane":0},{"x":38,"y":42,"plane":0},{"x":22,"y":43,"plane":0},{"x":38,"y":43,"plane":0},{"x":22,"y":44,"plane":0},{"x":38,"y":44,"plane":0},{"x":38,"y":44,"plane":1},{"x":38,"y":44,"plane":2},{"x":38,"y":44,"plane":3},{"x":22,"y":45,"plane":0},{"x":38,"y":45,"plane":0},{"x":22,"y":46,"plane":0},{"x":38,"y":46,"plane":0},{"x":22,"y":47,"plane":0},{"x":38,"y":47,"plane":0},{"x":38,"y":47,"plane":1},{"x":38,"y":47,"plane":2},{"x":22,"y":48,"plane":0},{"x":38,"y":48,"plane":0},{"x":38,"y":48,"plane":1},{"x":38,"y":48,"plane":2},{"x":38,"y":48,"plane":3},{"x":54,"y":48,"plane":0},{"x":54,"y":48,"plane":1},{"x":54,"y":48,"plane":2},{"x":22,"y":49,"plane":0},{"x":38,"y":49,"plane":0},{"x":38,"y":49,"plane":1},{"x":54,"y":49,"plane":0},{"x":22,"y":50,"plane":0},{"x":38,"y":50,"plane":0},{"x":54,"y":50,"plane":0},{"x":54,"y":50,"plane":1},{"x":54,"y":50,"plane":2},{"x":22,"y":51,"plane":0},{"x":38,"y":51,"plane":0},{"x":38,"y":51,"plane":1},{"x":54,"y":51,"plane":0},{"x":22,"y":52,"plane":0},{"x":38,"y":52,"plane":0},{"x":38,"y":52,"plane":1},{"x":38,"y":52,"plane":2},{"x":54,"y":52,"plane":0},{"x":22,"y":53,"plane":0},{"x":38,"y":53,"plane":0},{"x":38,"y":53,"plane":1},{"x":38,"y":53,"plane":2},{"x":54,"y":53,"plane":0},{"x":22,"y":54,"plane":0},{"x":22,"y":54,"plane":1},{"x":22,"y":54,"plane":2},{"x":38,"y":54,"plane":0},{"x":38,"y":54,"plane":1},{"x":38,"y":54,"plane":2},{"x":38,"y":54,"plane":3},{"x":54,"y":54,"plane":0},{"x":54,"y":54,"plane":1},{"x":54,"y":54,"plane":2},{"x":54,"y":54,"plane":3},{"x":22,"y":55,"plane":0},{"x":22,"y":55,"plane":1},{"x":22,"y":55,"plane":2},{"x":22,"y":55,"plane":3},{"x":38,"y":55,"plane":0},{"x":54,"y":55,"plane":0},{"x":22,"y":56,"plane":0},{"x":22,"y":56,"plane":1},{"x":22,"y":56,"plane":2},{"x":38,"y":56,"plane":0},{"x":54,"y":56,"plane":0},{"x":22,"y":57,"plane":0},{"x":22,"y":57,"plane":1},{"x":22,"y":57,"plane":2},{"x":38,"y":57,"plane":0},{"x":54,"y":57,"plane":0},{"x":22,"y":58,"plane":0},{"x":22,"y":58,"plane":1},{"x":38,"y":58,"plane":0},{"x":54,"y":58,"plane":0},{"x":22,"y":59,"plane":0},{"x":22,"y":59,"plane":1},{"x":38,"y":59,"plane":0},{"x":54,"y":59,"plane":0},{"x":22,"y":60,"plane":0},{"x":38,"y":60,"plane":0},{"x":54,"y":60,"plane":0},{"x":22,"y":61,"plane":0},{"x":38,"y":61,"plane":0},{"x":54,"y":61,"plane":0},{"x":22,"y":62,"plane":0},{"x":38,"y":62,"plane":0},{"x":54,"y":62,"plane":0},{"x":22,"y":63,"plane":0},{"x":38,"y":63,"plane":0},{"x":54,"y":63,"plane":0},{"x":22,"y":64,"plane":0},{"x":38,"y":64,"plane":0},{"x":54,"y":64,"plane":0},{"x":38,"y":68,"plane":0},{"x":38,"y":68,"plane":1},{"x":38,"y":69,"plane":0},{"x":38,"y":69,"plane":1},{"x":38,"y":71,"plane":0},{"x":38,"y":71,"plane":1},{"x":38,"y":71,"plane":2},{"x":38,"y":72,"plane":0},{"x":38,"y":74,"plane":0},{"x":54,"y":74,"plane":0},{"x":54,"y":74,"plane":1},{"x":38,"y":75,"plane":0},{"x":54,"y":75,"plane":0},{"x":54,"y":76,"plane":0},{"x":38,"y":77,"plane":0},{"x":54,"y":77,"plane":0},{"x":54,"y":77,"plane":1},{"x":38,"y":78,"plane":0},{"x":54,"y":78,"plane":0},{"x":54,"y":78,"plane":1},{"x":38,"y":79,"plane":0},{"x":38,"y":79,"plane":1},{"x":38,"y":79,"plane":2},{"x":38,"y":80,"plane":0},{"x":38,"y":80,"plane":1},{"x":38,"y":80,"plane":2},{"x":38,"y":82,"plane":0},{"x":38,"y":83,"plane":0},{"x":38,"y":84,"plane":0},{"x":38,"y":84,"plane":1},{"x":38,"y":84,"plane":2},{"x":38,"y":86,"plane":0},{"x":54,"y":89,"plane":0},{"x":38,"y":90,"plane":0},{"x":38,"y":90,"plane":1},{"x":38,"y":90,"plane":2},{"x":38,"y":90,"plane":3},{"x":54,"y":90,"plane":0},{"x":54,"y":90,"plane":1},{"x":38,"y":91,"plane":0},{"x":38,"y":91,"plane":1},{"x":38,"y":91,"plane":2},{"x":38,"y":91,"plane":3},{"x":54,"y":91,"plane":0},{"x":54,"y":91,"plane":1},{"x":38,"y":92,"plane":0},{"x":38,"y":92,"plane":1},{"x":38,"y":92,"plane":2},{"x":38,"y":92,"plane":3},{"x":54,"y":92,"plane":0},{"x":38,"y":93,"plane":0},{"x":38,"y":93,"plane":1},{"x":38,"y":93,"plane":2},{"x":38,"y":93,"plane":3},{"x":38,"y":94,"plane":3},{"x":54,"y":94,"plane":0},{"x":38,"y":95,"plane":0},{"x":38,"y":95,"plane":1},{"x":54,"y":95,"plane":0},{"x":54,"y":95,"plane":1},{"x":38,"y":96,"plane":0},{"x":38,"y":96,"plane":1},{"x":54,"y":96,"plane":0},{"x":38,"y":142,"plane":0},{"x":38,"y":143,"plane":1},{"x":38,"y":144,"plane":0},{"x":38,"y":146,"plane":2},{"x":38,"y":147,"plane":0},{"x":38,"y":147,"plane":2},{"x":54,"y":148,"plane":0},{"x":54,"y":148,"plane":2},{"x":38,"y":150,"plane":0},{"x":54,"y":150,"plane":0},{"x":54,"y":150,"plane":1},{"x":38,"y":151,"plane":0},{"x":38,"y":151,"plane":1},{"x":54,"y":151,"plane":0},{"x":38,"y":152,"plane":0},{"x":38,"y":153,"plane":0},{"x":54,"y":153,"plane":0},{"x":22,"y":154,"plane":0},{"x":22,"y":154,"plane":1},{"x":38,"y":154,"plane":0},{"x":38,"y":154,"plane":1},{"x":38,"y":154,"plane":2},{"x":38,"y":154,"plane":3},{"x":54,"y":154,"plane":0},{"x":22,"y":155,"plane":0},{"x":54,"y":155,"plane":0},{"x":54,"y":155,"plane":1},{"x":22,"y":157,"plane":0},{"x":22,"y":157,"plane":1},{"x":22,"y":157,"plane":2},{"x":22,"y":157,"plane":3},{"x":38,"y":158,"plane":0},{"x":38,"y":162,"plane":0},{"x":38,"y":163,"plane":0},{"x":23,"y":39,"plane":0},{"x":39,"y":39,"plane":0},{"x":23,"y":40,"plane":0},{"x":39,"y":40,"plane":0},{"x":23,"y":41,"plane":0},{"x":39,"y":41,"plane":0},{"x":23,"y":42,"plane":0},{"x":39,"y":42,"plane":0},{"x":23,"y":43,"plane":0},{"x":39,"y":43,"plane":0},{"x":23,"y":44,"plane":0},{"x":39,"y":44,"plane":0},{"x":39,"y":44,"plane":1},{"x":23,"y":45,"plane":0},{"x":39,"y":45,"plane":0},{"x":39,"y":45,"plane":1},{"x":23,"y":46,"plane":0},{"x":39,"y":46,"plane":0},{"x":23,"y":47,"plane":0},{"x":39,"y":47,"plane":0},{"x":23,"y":48,"plane":0},{"x":39,"y":48,"plane":0},{"x":39,"y":48,"plane":1},{"x":39,"y":48,"plane":2},{"x":55,"y":48,"plane":0},{"x":23,"y":49,"plane":0},{"x":39,"y":49,"plane":0},{"x":39,"y":49,"plane":1},{"x":55,"y":49,"plane":0},{"x":23,"y":50,"plane":0},{"x":39,"y":50,"plane":0},{"x":39,"y":50,"plane":1},{"x":55,"y":50,"plane":0},{"x":23,"y":51,"plane":0},{"x":39,"y":51,"plane":0},{"x":39,"y":51,"plane":1},{"x":39,"y":51,"plane":2},{"x":55,"y":51,"plane":0},{"x":23,"y":52,"plane":0},{"x":39,"y":52,"plane":0},{"x":39,"y":52,"plane":1},{"x":39,"y":52,"plane":2},{"x":55,"y":52,"plane":0},{"x":55,"y":52,"plane":1},{"x":55,"y":52,"plane":2},{"x":23,"y":53,"plane":0},{"x":23,"y":53,"plane":1},{"x":39,"y":53,"plane":0},{"x":39,"y":53,"plane":1},{"x":55,"y":53,"plane":0},{"x":23,"y":54,"plane":0},{"x":39,"y":54,"plane":0},{"x":39,"y":54,"plane":1},{"x":55,"y":54,"plane":0},{"x":23,"y":55,"plane":0},{"x":23,"y":55,"plane":1},{"x":23,"y":55,"plane":2},{"x":23,"y":55,"plane":3},{"x":39,"y":55,"plane":0},{"x":39,"y":55,"plane":1},{"x":55,"y":55,"plane":0},{"x":55,"y":55,"plane":1},{"x":55,"y":55,"plane":2},{"x":55,"y":55,"plane":3},{"x":23,"y":56,"plane":0},{"x":23,"y":56,"plane":1},{"x":23,"y":56,"plane":2},{"x":23,"y":56,"plane":3},{"x":39,"y":56,"plane":0},{"x":39,"y":56,"plane":1},{"x":39,"y":56,"plane":2},{"x":55,"y":56,"plane":0},{"x":23,"y":57,"plane":0},{"x":23,"y":57,"plane":1},{"x":23,"y":57,"plane":2},{"x":39,"y":57,"plane":0},{"x":55,"y":57,"plane":0},{"x":23,"y":58,"plane":0},{"x":23,"y":58,"plane":1},{"x":39,"y":58,"plane":0},{"x":55,"y":58,"plane":0},{"x":23,"y":59,"plane":0},{"x":23,"y":59,"plane":1},{"x":39,"y":59,"plane":0},{"x":55,"y":59,"plane":0},{"x":23,"y":60,"plane":0},{"x":39,"y":60,"plane":0},{"x":39,"y":60,"plane":1},{"x":39,"y":60,"plane":2},{"x":39,"y":60,"plane":3},{"x":55,"y":60,"plane":0},{"x":23,"y":61,"plane":0},{"x":39,"y":61,"plane":0},{"x":55,"y":61,"plane":0},{"x":23,"y":62,"plane":0},{"x":39,"y":62,"plane":0},{"x":55,"y":62,"plane":0},{"x":55,"y":62,"plane":1},{"x":23,"y":63,"plane":0},{"x":39,"y":63,"plane":0},{"x":55,"y":63,"plane":0},{"x":23,"y":64,"plane":0},{"x":39,"y":64,"plane":0},{"x":55,"y":64,"plane":0},{"x":39,"y":71,"plane":0},{"x":39,"y":72,"plane":0},{"x":39,"y":73,"plane":0},{"x":39,"y":74,"plane":0},{"x":55,"y":74,"plane":0},{"x":55,"y":74,"plane":1},{"x":39,"y":75,"plane":0},{"x":55,"y":75,"plane":0},{"x":55,"y":76,"plane":0},{"x":39,"y":77,"plane":0},{"x":55,"y":77,"plane":0},{"x":55,"y":77,"plane":1},{"x":55,"y":78,"plane":0},{"x":55,"y":78,"plane":1},{"x":39,"y":79,"plane":0},{"x":39,"y":79,"plane":1},{"x":39,"y":79,"plane":2},{"x":39,"y":80,"plane":0},{"x":39,"y":80,"plane":1},{"x":39,"y":80,"plane":2},{"x":39,"y":82,"plane":0},{"x":39,"y":86,"plane":0},{"x":39,"y":87,"plane":0},{"x":55,"y":89,"plane":0},{"x":39,"y":90,"plane":0},{"x":39,"y":90,"plane":1},{"x":39,"y":90,"plane":2},{"x":55,"y":90,"plane":0},{"x":39,"y":91,"plane":0},{"x":39,"y":91,"plane":1},{"x":39,"y":91,"plane":2},{"x":39,"y":91,"plane":3},{"x":39,"y":92,"plane":0},{"x":39,"y":92,"plane":1},{"x":39,"y":92,"plane":2},{"x":39,"y":92,"plane":3},{"x":55,"y":92,"plane":0},{"x":55,"y":92,"plane":1},{"x":39,"y":93,"plane":0},{"x":39,"y":93,"plane":1},{"x":39,"y":93,"plane":2},{"x":39,"y":93,"plane":3},{"x":55,"y":93,"plane":0},{"x":55,"y":93,"plane":1},{"x":55,"y":93,"plane":2},{"x":39,"y":94,"plane":0},{"x":39,"y":94,"plane":1},{"x":39,"y":94,"plane":2},{"x":39,"y":94,"plane":3},{"x":55,"y":94,"plane":0},{"x":55,"y":94,"plane":1},{"x":55,"y":94,"plane":2},{"x":55,"y":95,"plane":0},{"x":55,"y":95,"plane":1},{"x":55,"y":95,"plane":2},{"x":55,"y":95,"plane":3},{"x":55,"y":96,"plane":0},{"x":55,"y":96,"plane":1},{"x":55,"y":96,"plane":2},{"x":55,"y":96,"plane":3},{"x":39,"y":141,"plane":0},{"x":39,"y":141,"plane":1},{"x":39,"y":142,"plane":0},{"x":39,"y":142,"plane":1},{"x":39,"y":143,"plane":0},{"x":39,"y":143,"plane":1},{"x":39,"y":144,"plane":0},{"x":39,"y":144,"plane":1},{"x":39,"y":145,"plane":0},{"x":39,"y":147,"plane":0},{"x":39,"y":149,"plane":0},{"x":39,"y":150,"plane":0},{"x":39,"y":150,"plane":1},{"x":39,"y":151,"plane":0},{"x":39,"y":151,"plane":1},{"x":55,"y":151,"plane":0},{"x":55,"y":151,"plane":1},{"x":55,"y":151,"plane":3},{"x":39,"y":152,"plane":0},{"x":39,"y":152,"plane":1},{"x":39,"y":152,"plane":2},{"x":55,"y":152,"plane":0},{"x":39,"y":153,"plane":0},{"x":39,"y":153,"plane":1},{"x":55,"y":153,"plane":0},{"x":39,"y":154,"plane":0},{"x":55,"y":154,"plane":0},{"x":55,"y":154,"plane":1},{"x":55,"y":154,"plane":2},{"x":23,"y":155,"plane":0},{"x":23,"y":155,"plane":1},{"x":23,"y":155,"plane":2},{"x":23,"y":155,"plane":3},{"x":39,"y":155,"plane":0},{"x":39,"y":155,"plane":1},{"x":55,"y":155,"plane":0},{"x":55,"y":155,"plane":1},{"x":39,"y":156,"plane":0},{"x":39,"y":158,"plane":0},{"x":39,"y":158,"plane":1},{"x":39,"y":160,"plane":0},{"x":39,"y":160,"plane":1},{"x":39,"y":160,"plane":2},{"x":55,"y":162,"plane":0},{"x":55,"y":163,"plane":0},{"x":24,"y":39,"plane":0},{"x":40,"y":39,"plane":0},{"x":56,"y":39,"plane":0},{"x":24,"y":40,"plane":0},{"x":40,"y":40,"plane":0},{"x":56,"y":40,"plane":0},{"x":24,"y":41,"plane":0},{"x":40,"y":41,"plane":0},{"x":56,"y":41,"plane":0},{"x":24,"y":42,"plane":0},{"x":40,"y":42,"plane":0},{"x":56,"y":42,"plane":0},{"x":24,"y":43,"plane":0},{"x":40,"y":43,"plane":0},{"x":56,"y":43,"plane":0},{"x":24,"y":44,"plane":0},{"x":40,"y":44,"plane":0},{"x":40,"y":44,"plane":1},{"x":56,"y":44,"plane":0},{"x":24,"y":45,"plane":0},{"x":40,"y":45,"plane":0},{"x":56,"y":45,"plane":0},{"x":24,"y":46,"plane":0},{"x":40,"y":46,"plane":0},{"x":56,"y":46,"plane":0},{"x":24,"y":47,"plane":0},{"x":40,"y":47,"plane":0},{"x":40,"y":47,"plane":1},{"x":56,"y":47,"plane":0},{"x":24,"y":48,"plane":0},{"x":40,"y":48,"plane":0},{"x":40,"y":48,"plane":1},{"x":40,"y":48,"plane":2},{"x":56,"y":48,"plane":0},{"x":24,"y":49,"plane":0},{"x":40,"y":49,"plane":0},{"x":40,"y":49,"plane":1},{"x":40,"y":49,"plane":2},{"x":40,"y":49,"plane":3},{"x":56,"y":49,"plane":0},{"x":56,"y":49,"plane":1},{"x":56,"y":49,"plane":2},{"x":24,"y":50,"plane":0},{"x":40,"y":50,"plane":0},{"x":40,"y":50,"plane":1},{"x":40,"y":50,"plane":2},{"x":56,"y":50,"plane":0},{"x":56,"y":50,"plane":1},{"x":56,"y":50,"plane":2},{"x":56,"y":50,"plane":3},{"x":24,"y":51,"plane":0},{"x":40,"y":51,"plane":0},{"x":40,"y":51,"plane":1},{"x":40,"y":51,"plane":2},{"x":40,"y":51,"plane":3},{"x":56,"y":51,"plane":0},{"x":56,"y":51,"plane":1},{"x":56,"y":51,"plane":2},{"x":24,"y":52,"plane":0},{"x":40,"y":52,"plane":0},{"x":40,"y":52,"plane":1},{"x":40,"y":52,"plane":2},{"x":56,"y":52,"plane":0},{"x":56,"y":52,"plane":1},{"x":56,"y":52,"plane":2},{"x":24,"y":53,"plane":0},{"x":40,"y":53,"plane":0},{"x":40,"y":53,"plane":1},{"x":40,"y":53,"plane":2},{"x":56,"y":53,"plane":0},{"x":56,"y":53,"plane":1},{"x":56,"y":53,"plane":2},{"x":24,"y":54,"plane":0},{"x":24,"y":54,"plane":1},{"x":24,"y":54,"plane":2},{"x":40,"y":54,"plane":0},{"x":40,"y":54,"plane":1},{"x":56,"y":54,"plane":0},{"x":24,"y":55,"plane":0},{"x":24,"y":55,"plane":1},{"x":24,"y":55,"plane":2},{"x":24,"y":55,"plane":3},{"x":40,"y":55,"plane":0},{"x":56,"y":55,"plane":0},{"x":56,"y":55,"plane":1},{"x":56,"y":55,"plane":2},{"x":24,"y":56,"plane":0},{"x":24,"y":56,"plane":1},{"x":24,"y":56,"plane":2},{"x":24,"y":56,"plane":3},{"x":40,"y":56,"plane":0},{"x":40,"y":56,"plane":1},{"x":56,"y":56,"plane":0},{"x":24,"y":57,"plane":0},{"x":24,"y":57,"plane":1},{"x":24,"y":57,"plane":2},{"x":24,"y":57,"plane":3},{"x":40,"y":57,"plane":0},{"x":40,"y":57,"plane":3},{"x":56,"y":57,"plane":0},{"x":24,"y":58,"plane":0},{"x":24,"y":58,"plane":1},{"x":24,"y":58,"plane":2},{"x":40,"y":58,"plane":0},{"x":56,"y":58,"plane":0},{"x":24,"y":59,"plane":0},{"x":24,"y":59,"plane":1},{"x":24,"y":59,"plane":2},{"x":24,"y":59,"plane":3},{"x":40,"y":59,"plane":0},{"x":56,"y":59,"plane":0},{"x":24,"y":60,"plane":0},{"x":40,"y":60,"plane":0},{"x":40,"y":60,"plane":1},{"x":56,"y":60,"plane":0},{"x":24,"y":61,"plane":0},{"x":40,"y":61,"plane":0},{"x":56,"y":61,"plane":0},{"x":24,"y":62,"plane":0},{"x":40,"y":62,"plane":0},{"x":56,"y":62,"plane":0},{"x":24,"y":63,"plane":0},{"x":40,"y":63,"plane":0},{"x":56,"y":63,"plane":0},{"x":24,"y":64,"plane":0},{"x":40,"y":64,"plane":0},{"x":56,"y":64,"plane":0},{"x":40,"y":67,"plane":0},{"x":40,"y":69,"plane":0},{"x":40,"y":70,"plane":0},{"x":40,"y":70,"plane":1},{"x":40,"y":71,"plane":0},{"x":40,"y":71,"plane":1},{"x":40,"y":71,"plane":2},{"x":40,"y":72,"plane":0},{"x":40,"y":73,"plane":0},{"x":40,"y":74,"plane":0},{"x":40,"y":75,"plane":0},{"x":24,"y":76,"plane":0},{"x":40,"y":77,"plane":0},{"x":24,"y":79,"plane":0},{"x":24,"y":79,"plane":1},{"x":40,"y":81,"plane":0},{"x":40,"y":82,"plane":0},{"x":40,"y":84,"plane":0},{"x":40,"y":90,"plane":0},{"x":40,"y":90,"plane":1},{"x":40,"y":90,"plane":2},{"x":40,"y":91,"plane":0},{"x":40,"y":91,"plane":1},{"x":40,"y":91,"plane":2},{"x":40,"y":92,"plane":0},{"x":40,"y":92,"plane":1},{"x":40,"y":92,"plane":2},{"x":40,"y":92,"plane":3},{"x":56,"y":92,"plane":0},{"x":56,"y":92,"plane":1},{"x":40,"y":93,"plane":0},{"x":40,"y":93,"plane":1},{"x":40,"y":93,"plane":2},{"x":40,"y":93,"plane":3},{"x":56,"y":93,"plane":0},{"x":56,"y":93,"plane":1},{"x":56,"y":93,"plane":2},{"x":56,"y":94,"plane":0},{"x":40,"y":95,"plane":0},{"x":40,"y":95,"plane":1},{"x":40,"y":95,"plane":2},{"x":56,"y":95,"plane":0},{"x":40,"y":96,"plane":0},{"x":40,"y":96,"plane":1},{"x":40,"y":96,"plane":2},{"x":56,"y":96,"plane":0},{"x":56,"y":139,"plane":0},{"x":56,"y":140,"plane":0},{"x":40,"y":141,"plane":0},{"x":40,"y":141,"plane":1},{"x":56,"y":141,"plane":0},{"x":56,"y":141,"plane":1},{"x":56,"y":141,"plane":2},{"x":56,"y":141,"plane":3},{"x":40,"y":142,"plane":1},{"x":56,"y":142,"plane":0},{"x":56,"y":142,"plane":1},{"x":56,"y":142,"plane":2},{"x":56,"y":142,"plane":3},{"x":40,"y":143,"plane":0},{"x":40,"y":143,"plane":1},{"x":40,"y":144,"plane":0},{"x":40,"y":144,"plane":1},{"x":40,"y":147,"plane":0},{"x":40,"y":147,"plane":1},{"x":40,"y":148,"plane":0},{"x":40,"y":148,"plane":1},{"x":40,"y":149,"plane":0},{"x":40,"y":149,"plane":1},{"x":40,"y":150,"plane":0},{"x":40,"y":150,"plane":1},{"x":56,"y":150,"plane":0},{"x":40,"y":151,"plane":0},{"x":40,"y":151,"plane":1},{"x":56,"y":151,"plane":0},{"x":40,"y":152,"plane":0},{"x":40,"y":152,"plane":1},{"x":56,"y":152,"plane":0},{"x":24,"y":153,"plane":0},{"x":40,"y":153,"plane":0},{"x":24,"y":154,"plane":0},{"x":40,"y":154,"plane":0},{"x":24,"y":155,"plane":0},{"x":24,"y":159,"plane":0},{"x":56,"y":159,"plane":0},{"x":40,"y":160,"plane":0},{"x":40,"y":160,"plane":1},{"x":40,"y":160,"plane":2},{"x":56,"y":160,"plane":0},{"x":25,"y":39,"plane":0},{"x":41,"y":39,"plane":0},{"x":57,"y":39,"plane":0},{"x":25,"y":40,"plane":0},{"x":41,"y":40,"plane":0},{"x":57,"y":40,"plane":0},{"x":25,"y":41,"plane":0},{"x":41,"y":41,"plane":0},{"x":41,"y":41,"plane":1},{"x":41,"y":41,"plane":2},{"x":57,"y":41,"plane":0},{"x":25,"y":42,"plane":0},{"x":41,"y":42,"plane":0},{"x":57,"y":42,"plane":0},{"x":25,"y":43,"plane":0},{"x":41,"y":43,"plane":0},{"x":57,"y":43,"plane":0},{"x":25,"y":44,"plane":0},{"x":41,"y":44,"plane":0},{"x":57,"y":44,"plane":0},{"x":25,"y":45,"plane":0},{"x":41,"y":45,"plane":0},{"x":57,"y":45,"plane":0},{"x":57,"y":45,"plane":1},{"x":25,"y":46,"plane":0},{"x":41,"y":46,"plane":0},{"x":57,"y":46,"plane":0},{"x":57,"y":46,"plane":1},{"x":57,"y":46,"plane":2},{"x":25,"y":47,"plane":0},{"x":41,"y":47,"plane":0},{"x":57,"y":47,"plane":0},{"x":25,"y":48,"plane":0},{"x":41,"y":48,"plane":0},{"x":41,"y":48,"plane":1},{"x":57,"y":48,"plane":0},{"x":25,"y":49,"plane":0},{"x":41,"y":49,"plane":0},{"x":41,"y":49,"plane":1},{"x":57,"y":49,"plane":0},{"x":25,"y":50,"plane":0},{"x":41,"y":50,"plane":0},{"x":41,"y":50,"plane":1},{"x":41,"y":50,"plane":2},{"x":41,"y":50,"plane":3},{"x":57,"y":50,"plane":0},{"x":57,"y":50,"plane":2},{"x":25,"y":51,"plane":0},{"x":41,"y":51,"plane":0},{"x":41,"y":51,"plane":1},{"x":41,"y":51,"plane":2},{"x":41,"y":51,"plane":3},{"x":57,"y":51,"plane":0},{"x":57,"y":51,"plane":1},{"x":25,"y":52,"plane":0},{"x":41,"y":52,"plane":0},{"x":41,"y":52,"plane":1},{"x":41,"y":52,"plane":2},{"x":57,"y":52,"plane":0},{"x":57,"y":52,"plane":1},{"x":57,"y":52,"plane":2},{"x":25,"y":53,"plane":0},{"x":41,"y":53,"plane":0},{"x":41,"y":53,"plane":1},{"x":41,"y":53,"plane":2},{"x":57,"y":53,"plane":0},{"x":57,"y":53,"plane":1},{"x":57,"y":53,"plane":2},{"x":25,"y":54,"plane":0},{"x":25,"y":54,"plane":1},{"x":41,"y":54,"plane":0},{"x":57,"y":54,"plane":0},{"x":57,"y":54,"plane":1},{"x":57,"y":54,"plane":2},{"x":25,"y":55,"plane":0},{"x":25,"y":55,"plane":1},{"x":41,"y":55,"plane":0},{"x":57,"y":55,"plane":0},{"x":57,"y":55,"plane":1},{"x":25,"y":56,"plane":0},{"x":25,"y":56,"plane":1},{"x":25,"y":56,"plane":2},{"x":41,"y":56,"plane":0},{"x":57,"y":56,"plane":0},{"x":25,"y":57,"plane":0},{"x":25,"y":57,"plane":1},{"x":25,"y":57,"plane":2},{"x":25,"y":57,"plane":3},{"x":41,"y":57,"plane":0},{"x":41,"y":57,"plane":1},{"x":41,"y":57,"plane":2},{"x":41,"y":57,"plane":3},{"x":57,"y":57,"plane":0},{"x":25,"y":58,"plane":0},{"x":25,"y":58,"plane":1},{"x":25,"y":58,"plane":2},{"x":41,"y":58,"plane":0},{"x":57,"y":58,"plane":0},{"x":57,"y":58,"plane":1},{"x":25,"y":59,"plane":0},{"x":25,"y":59,"plane":1},{"x":25,"y":59,"plane":2},{"x":25,"y":59,"plane":3},{"x":41,"y":59,"plane":0},{"x":57,"y":59,"plane":0},{"x":25,"y":60,"plane":0},{"x":41,"y":60,"plane":0},{"x":57,"y":60,"plane":0},{"x":25,"y":61,"plane":0},{"x":25,"y":61,"plane":1},{"x":41,"y":61,"plane":0},{"x":57,"y":61,"plane":0},{"x":25,"y":62,"plane":0},{"x":25,"y":62,"plane":1},{"x":41,"y":62,"plane":0},{"x":41,"y":62,"plane":1},{"x":57,"y":62,"plane":0},{"x":25,"y":63,"plane":0},{"x":41,"y":63,"plane":0},{"x":41,"y":63,"plane":1},{"x":57,"y":63,"plane":0},{"x":25,"y":64,"plane":0},{"x":41,"y":64,"plane":0},{"x":57,"y":64,"plane":0},{"x":25,"y":68,"plane":0},{"x":25,"y":68,"plane":1},{"x":25,"y":69,"plane":0},{"x":25,"y":69,"plane":1},{"x":41,"y":70,"plane":0},{"x":41,"y":70,"plane":1},{"x":41,"y":71,"plane":0},{"x":41,"y":71,"plane":1},{"x":41,"y":71,"plane":3},{"x":41,"y":72,"plane":0},{"x":25,"y":73,"plane":0},{"x":25,"y":73,"plane":1},{"x":41,"y":73,"plane":0},{"x":41,"y":73,"plane":1},{"x":41,"y":73,"plane":2},{"x":25,"y":74,"plane":0},{"x":25,"y":74,"plane":1},{"x":41,"y":74,"plane":0},{"x":25,"y":75,"plane":0},{"x":25,"y":75,"plane":1},{"x":41,"y":75,"plane":0},{"x":41,"y":75,"plane":1},{"x":25,"y":77,"plane":0},{"x":25,"y":77,"plane":1},{"x":41,"y":79,"plane":0},{"x":41,"y":79,"plane":1},{"x":41,"y":79,"plane":2},{"x":41,"y":79,"plane":3},{"x":25,"y":82,"plane":1},{"x":25,"y":83,"plane":0},{"x":25,"y":83,"plane":1},{"x":25,"y":83,"plane":2},{"x":41,"y":85,"plane":0},{"x":25,"y":86,"plane":0},{"x":41,"y":86,"plane":0},{"x":25,"y":87,"plane":0},{"x":57,"y":87,"plane":0},{"x":25,"y":88,"plane":0},{"x":25,"y":88,"plane":1},{"x":25,"y":88,"plane":2},{"x":57,"y":88,"plane":0},{"x":25,"y":89,"plane":0},{"x":25,"y":89,"plane":1},{"x":57,"y":89,"plane":0},{"x":57,"y":90,"plane":0},{"x":25,"y":92,"plane":0},{"x":25,"y":92,"plane":2},{"x":25,"y":94,"plane":0},{"x":57,"y":94,"plane":0},{"x":57,"y":94,"plane":1},{"x":25,"y":95,"plane":0},{"x":41,"y":95,"plane":0},{"x":41,"y":95,"plane":1},{"x":41,"y":95,"plane":2},{"x":57,"y":95,"plane":0},{"x":57,"y":95,"plane":1},{"x":25,"y":96,"plane":0},{"x":41,"y":96,"plane":0},{"x":41,"y":96,"plane":1},{"x":41,"y":96,"plane":2},{"x":57,"y":134,"plane":0},{"x":57,"y":134,"plane":2},{"x":57,"y":134,"plane":3},{"x":57,"y":135,"plane":0},{"x":57,"y":135,"plane":1},{"x":57,"y":135,"plane":2},{"x":57,"y":135,"plane":3},{"x":57,"y":136,"plane":0},{"x":57,"y":136,"plane":1},{"x":57,"y":136,"plane":2},{"x":57,"y":136,"plane":3},{"x":57,"y":140,"plane":0},{"x":57,"y":140,"plane":1},{"x":41,"y":141,"plane":0},{"x":41,"y":141,"plane":1},{"x":41,"y":141,"plane":2},{"x":57,"y":141,"plane":0},{"x":57,"y":141,"plane":1},{"x":57,"y":141,"plane":2},{"x":57,"y":141,"plane":3},{"x":41,"y":142,"plane":0},{"x":41,"y":142,"plane":1},{"x":57,"y":142,"plane":0},{"x":57,"y":142,"plane":1},{"x":57,"y":142,"plane":2},{"x":57,"y":142,"plane":3},{"x":41,"y":143,"plane":0},{"x":41,"y":143,"plane":1},{"x":41,"y":144,"plane":0},{"x":41,"y":144,"plane":1},{"x":41,"y":146,"plane":0},{"x":41,"y":147,"plane":0},{"x":41,"y":147,"plane":1},{"x":41,"y":147,"plane":2},{"x":41,"y":148,"plane":0},{"x":41,"y":148,"plane":2},{"x":41,"y":149,"plane":0},{"x":41,"y":149,"plane":2},{"x":41,"y":150,"plane":0},{"x":41,"y":150,"plane":1},{"x":57,"y":150,"plane":0},{"x":41,"y":151,"plane":0},{"x":41,"y":151,"plane":1},{"x":25,"y":152,"plane":0},{"x":41,"y":152,"plane":0},{"x":41,"y":152,"plane":1},{"x":41,"y":152,"plane":2},{"x":57,"y":152,"plane":2},{"x":25,"y":153,"plane":0},{"x":25,"y":153,"plane":1},{"x":41,"y":153,"plane":0},{"x":41,"y":153,"plane":1},{"x":41,"y":153,"plane":2},{"x":57,"y":153,"plane":0},{"x":41,"y":154,"plane":0},{"x":57,"y":154,"plane":0},{"x":57,"y":154,"plane":1},{"x":57,"y":154,"plane":2},{"x":57,"y":154,"plane":3},{"x":25,"y":155,"plane":0},{"x":57,"y":155,"plane":0},{"x":25,"y":156,"plane":0},{"x":25,"y":156,"plane":1},{"x":41,"y":156,"plane":0},{"x":41,"y":156,"plane":1},{"x":25,"y":157,"plane":0},{"x":25,"y":157,"plane":1},{"x":41,"y":157,"plane":0},{"x":41,"y":157,"plane":2},{"x":41,"y":162,"plane":0},{"x":26,"y":39,"plane":0},{"x":42,"y":39,"plane":0},{"x":58,"y":39,"plane":0},{"x":26,"y":40,"plane":0},{"x":42,"y":40,"plane":0},{"x":58,"y":40,"plane":0},{"x":26,"y":41,"plane":0},{"x":42,"y":41,"plane":0},{"x":58,"y":41,"plane":0},{"x":26,"y":42,"plane":0},{"x":42,"y":42,"plane":0},{"x":58,"y":42,"plane":0},{"x":26,"y":43,"plane":0},{"x":42,"y":43,"plane":0},{"x":42,"y":43,"plane":1},{"x":42,"y":43,"plane":2},{"x":42,"y":43,"plane":3},{"x":58,"y":43,"plane":0},{"x":26,"y":44,"plane":0},{"x":42,"y":44,"plane":0},{"x":58,"y":44,"plane":0},{"x":26,"y":45,"plane":0},{"x":42,"y":45,"plane":0},{"x":58,"y":45,"plane":0},{"x":26,"y":46,"plane":0},{"x":42,"y":46,"plane":0},{"x":58,"y":46,"plane":0},{"x":26,"y":47,"plane":0},{"x":42,"y":47,"plane":0},{"x":58,"y":47,"plane":0},{"x":26,"y":48,"plane":0},{"x":42,"y":48,"plane":0},{"x":58,"y":48,"plane":0},{"x":26,"y":49,"plane":0},{"x":42,"y":49,"plane":0},{"x":58,"y":49,"plane":0},{"x":26,"y":50,"plane":0},{"x":42,"y":50,"plane":0},{"x":42,"y":50,"plane":2},{"x":58,"y":50,"plane":0},{"x":26,"y":51,"plane":0},{"x":42,"y":51,"plane":0},{"x":42,"y":51,"plane":1},{"x":42,"y":51,"plane":2},{"x":58,"y":51,"plane":0},{"x":58,"y":51,"plane":1},{"x":58,"y":51,"plane":2},{"x":58,"y":51,"plane":3},{"x":26,"y":52,"plane":0},{"x":42,"y":52,"plane":0},{"x":42,"y":52,"plane":1},{"x":42,"y":52,"plane":2},{"x":42,"y":52,"plane":3},{"x":58,"y":52,"plane":0},{"x":58,"y":52,"plane":1},{"x":26,"y":53,"plane":0},{"x":42,"y":53,"plane":0},{"x":42,"y":53,"plane":1},{"x":42,"y":53,"plane":2},{"x":42,"y":53,"plane":3},{"x":58,"y":53,"plane":0},{"x":26,"y":54,"plane":0},{"x":42,"y":54,"plane":0},{"x":42,"y":54,"plane":1},{"x":42,"y":54,"plane":2},{"x":42,"y":54,"plane":3},{"x":58,"y":54,"plane":0},{"x":26,"y":55,"plane":0},{"x":26,"y":55,"plane":1},{"x":26,"y":55,"plane":2},{"x":26,"y":55,"plane":3},{"x":42,"y":55,"plane":0},{"x":42,"y":55,"plane":1},{"x":58,"y":55,"plane":0},{"x":26,"y":56,"plane":0},{"x":26,"y":56,"plane":1},{"x":26,"y":56,"plane":2},{"x":42,"y":56,"plane":0},{"x":58,"y":56,"plane":0},{"x":26,"y":57,"plane":0},{"x":26,"y":57,"plane":1},{"x":26,"y":57,"plane":2},{"x":42,"y":57,"plane":0},{"x":58,"y":57,"plane":0},{"x":26,"y":58,"plane":0},{"x":26,"y":58,"plane":1},{"x":26,"y":58,"plane":2},{"x":42,"y":58,"plane":0},{"x":58,"y":58,"plane":0},{"x":26,"y":59,"plane":0},{"x":26,"y":59,"plane":1},{"x":26,"y":59,"plane":2},{"x":26,"y":59,"plane":3},{"x":42,"y":59,"plane":0},{"x":42,"y":59,"plane":1},{"x":42,"y":59,"plane":2},{"x":58,"y":59,"plane":0},{"x":26,"y":60,"plane":0},{"x":42,"y":60,"plane":0},{"x":58,"y":60,"plane":0},{"x":58,"y":60,"plane":1},{"x":58,"y":60,"plane":2},{"x":26,"y":61,"plane":0},{"x":42,"y":61,"plane":0},{"x":58,"y":61,"plane":0},{"x":26,"y":62,"plane":0},{"x":26,"y":62,"plane":1},{"x":42,"y":62,"plane":0},{"x":58,"y":62,"plane":0},{"x":26,"y":63,"plane":0},{"x":42,"y":63,"plane":0},{"x":58,"y":63,"plane":0},{"x":26,"y":64,"plane":0},{"x":42,"y":64,"plane":0},{"x":58,"y":64,"plane":0},{"x":26,"y":66,"plane":0},{"x":26,"y":66,"plane":1},{"x":26,"y":66,"plane":2},{"x":26,"y":66,"plane":3},{"x":42,"y":67,"plane":1},{"x":26,"y":68,"plane":0},{"x":26,"y":68,"plane":1},{"x":26,"y":69,"plane":0},{"x":26,"y":69,"plane":1},{"x":42,"y":69,"plane":0},{"x":26,"y":70,"plane":0},{"x":26,"y":70,"plane":1},{"x":42,"y":70,"plane":0},{"x":26,"y":71,"plane":0},{"x":26,"y":71,"plane":1},{"x":42,"y":71,"plane":0},{"x":42,"y":72,"plane":0},{"x":26,"y":73,"plane":0},{"x":26,"y":73,"plane":1},{"x":42,"y":73,"plane":0},{"x":26,"y":74,"plane":0},{"x":42,"y":74,"plane":0},{"x":26,"y":75,"plane":0},{"x":42,"y":75,"plane":0},{"x":42,"y":76,"plane":0},{"x":42,"y":76,"plane":1},{"x":42,"y":76,"plane":2},{"x":42,"y":79,"plane":0},{"x":42,"y":79,"plane":1},{"x":42,"y":81,"plane":0},{"x":42,"y":81,"plane":1},{"x":42,"y":81,"plane":2},{"x":42,"y":81,"plane":3},{"x":42,"y":82,"plane":0},{"x":42,"y":82,"plane":1},{"x":42,"y":82,"plane":2},{"x":42,"y":82,"plane":3},{"x":42,"y":83,"plane":0},{"x":42,"y":83,"plane":1},{"x":42,"y":83,"plane":2},{"x":42,"y":83,"plane":3},{"x":42,"y":85,"plane":0},{"x":26,"y":86,"plane":0},{"x":42,"y":86,"plane":0},{"x":26,"y":87,"plane":0},{"x":58,"y":87,"plane":0},{"x":26,"y":88,"plane":0},{"x":26,"y":88,"plane":1},{"x":26,"y":88,"plane":2},{"x":58,"y":88,"plane":0},{"x":58,"y":88,"plane":1},{"x":26,"y":89,"plane":0},{"x":26,"y":89,"plane":1},{"x":26,"y":89,"plane":2},{"x":26,"y":89,"plane":3},{"x":58,"y":89,"plane":0},{"x":42,"y":90,"plane":0},{"x":58,"y":90,"plane":0},{"x":58,"y":91,"plane":0},{"x":26,"y":92,"plane":0},{"x":26,"y":92,"plane":2},{"x":26,"y":94,"plane":0},{"x":42,"y":94,"plane":0},{"x":58,"y":94,"plane":0},{"x":58,"y":94,"plane":1},{"x":26,"y":95,"plane":0},{"x":26,"y":95,"plane":1},{"x":26,"y":95,"plane":2},{"x":26,"y":95,"plane":3},{"x":42,"y":95,"plane":0},{"x":58,"y":95,"plane":0},{"x":58,"y":95,"plane":1},{"x":26,"y":96,"plane":0},{"x":42,"y":96,"plane":0},{"x":58,"y":134,"plane":0},{"x":58,"y":135,"plane":0},{"x":58,"y":135,"plane":1},{"x":58,"y":135,"plane":2},{"x":58,"y":135,"plane":3},{"x":58,"y":136,"plane":0},{"x":58,"y":136,"plane":1},{"x":58,"y":136,"plane":2},{"x":58,"y":136,"plane":3},{"x":42,"y":142,"plane":0},{"x":42,"y":142,"plane":1},{"x":42,"y":143,"plane":0},{"x":42,"y":143,"plane":1},{"x":58,"y":146,"plane":0},{"x":42,"y":147,"plane":0},{"x":42,"y":147,"plane":1},{"x":58,"y":147,"plane":0},{"x":42,"y":148,"plane":0},{"x":42,"y":148,"plane":1},{"x":42,"y":149,"plane":0},{"x":42,"y":150,"plane":0},{"x":42,"y":151,"plane":0},{"x":58,"y":151,"plane":0},{"x":58,"y":151,"plane":1},{"x":26,"y":152,"plane":0},{"x":42,"y":152,"plane":0},{"x":58,"y":152,"plane":1},{"x":26,"y":153,"plane":0},{"x":26,"y":153,"plane":1},{"x":42,"y":153,"plane":0},{"x":58,"y":153,"plane":1},{"x":42,"y":154,"plane":0},{"x":26,"y":155,"plane":0},{"x":42,"y":155,"plane":0},{"x":26,"y":156,"plane":0},{"x":26,"y":156,"plane":1},{"x":42,"y":156,"plane":0},{"x":26,"y":157,"plane":0},{"x":26,"y":157,"plane":1},{"x":26,"y":158,"plane":1},{"x":26,"y":158,"plane":2},{"x":42,"y":158,"plane":0},{"x":42,"y":158,"plane":1},{"x":26,"y":159,"plane":2},{"x":42,"y":159,"plane":0},{"x":58,"y":159,"plane":0},{"x":58,"y":159,"plane":1},{"x":58,"y":159,"plane":2},{"x":58,"y":160,"plane":0},{"x":58,"y":160,"plane":1},{"x":58,"y":160,"plane":2},{"x":58,"y":161,"plane":1},{"x":58,"y":161,"plane":2},{"x":26,"y":195,"plane":0},{"x":27,"y":39,"plane":0},{"x":43,"y":39,"plane":0},{"x":59,"y":39,"plane":0},{"x":27,"y":40,"plane":0},{"x":43,"y":40,"plane":0},{"x":59,"y":40,"plane":0},{"x":27,"y":41,"plane":0},{"x":43,"y":41,"plane":0},{"x":59,"y":41,"plane":0},{"x":27,"y":42,"plane":0},{"x":43,"y":42,"plane":0},{"x":43,"y":42,"plane":1},{"x":43,"y":42,"plane":2},{"x":59,"y":42,"plane":0},{"x":27,"y":43,"plane":0},{"x":43,"y":43,"plane":0},{"x":43,"y":43,"plane":1},{"x":43,"y":43,"plane":2},{"x":43,"y":43,"plane":3},{"x":59,"y":43,"plane":0},{"x":27,"y":44,"plane":0},{"x":43,"y":44,"plane":0},{"x":59,"y":44,"plane":0},{"x":59,"y":44,"plane":1},{"x":59,"y":44,"plane":2},{"x":59,"y":44,"plane":3},{"x":27,"y":45,"plane":0},{"x":43,"y":45,"plane":0},{"x":59,"y":45,"plane":0},{"x":27,"y":46,"plane":0},{"x":43,"y":46,"plane":0},{"x":43,"y":46,"plane":1},{"x":59,"y":46,"plane":0},{"x":59,"y":46,"plane":1},{"x":59,"y":46,"plane":2},{"x":27,"y":47,"plane":0},{"x":43,"y":47,"plane":0},{"x":43,"y":47,"plane":1},{"x":59,"y":47,"plane":0},{"x":27,"y":48,"plane":0},{"x":43,"y":48,"plane":0},{"x":43,"y":48,"plane":1},{"x":59,"y":48,"plane":0},{"x":27,"y":49,"plane":0},{"x":43,"y":49,"plane":0},{"x":43,"y":49,"plane":1},{"x":59,"y":49,"plane":0},{"x":27,"y":50,"plane":0},{"x":43,"y":50,"plane":0},{"x":43,"y":50,"plane":1},{"x":59,"y":50,"plane":0},{"x":27,"y":51,"plane":0},{"x":43,"y":51,"plane":0},{"x":43,"y":51,"plane":1},{"x":59,"y":51,"plane":0},{"x":27,"y":52,"plane":0},{"x":43,"y":52,"plane":0},{"x":43,"y":52,"plane":1},{"x":59,"y":52,"plane":0},{"x":27,"y":53,"plane":0},{"x":43,"y":53,"plane":0},{"x":43,"y":53,"plane":1},{"x":43,"y":53,"plane":2},{"x":59,"y":53,"plane":0},{"x":27,"y":54,"plane":0},{"x":27,"y":54,"plane":1},{"x":43,"y":54,"plane":0},{"x":43,"y":54,"plane":1},{"x":43,"y":54,"plane":2},{"x":43,"y":54,"plane":3},{"x":59,"y":54,"plane":0},{"x":27,"y":55,"plane":0},{"x":27,"y":55,"plane":1},{"x":27,"y":55,"plane":2},{"x":27,"y":55,"plane":3},{"x":43,"y":55,"plane":0},{"x":59,"y":55,"plane":0},{"x":27,"y":56,"plane":0},{"x":27,"y":56,"plane":1},{"x":27,"y":56,"plane":2},{"x":43,"y":56,"plane":0},{"x":59,"y":56,"plane":0},{"x":27,"y":57,"plane":0},{"x":27,"y":57,"plane":1},{"x":27,"y":57,"plane":2},{"x":27,"y":57,"plane":3},{"x":43,"y":57,"plane":0},{"x":43,"y":57,"plane":1},{"x":59,"y":57,"plane":0},{"x":27,"y":58,"plane":0},{"x":27,"y":58,"plane":1},{"x":27,"y":58,"plane":2},{"x":43,"y":58,"plane":0},{"x":59,"y":58,"plane":0},{"x":27,"y":59,"plane":0},{"x":27,"y":59,"plane":1},{"x":27,"y":59,"plane":2},{"x":43,"y":59,"plane":0},{"x":59,"y":59,"plane":0},{"x":27,"y":60,"plane":0},{"x":43,"y":60,"plane":0},{"x":59,"y":60,"plane":0},{"x":27,"y":61,"plane":0},{"x":43,"y":61,"plane":0},{"x":59,"y":61,"plane":0},{"x":27,"y":62,"plane":0},{"x":43,"y":62,"plane":0},{"x":59,"y":62,"plane":0},{"x":27,"y":63,"plane":0},{"x":43,"y":63,"plane":0},{"x":59,"y":63,"plane":0},{"x":27,"y":64,"plane":0},{"x":43,"y":64,"plane":0},{"x":59,"y":64,"plane":0},{"x":43,"y":69,"plane":0},{"x":43,"y":70,"plane":0},{"x":43,"y":71,"plane":0},{"x":43,"y":72,"plane":0},{"x":27,"y":73,"plane":0},{"x":43,"y":73,"plane":0},{"x":43,"y":73,"plane":1},{"x":43,"y":73,"plane":2},{"x":43,"y":74,"plane":0},{"x":27,"y":75,"plane":0},{"x":43,"y":75,"plane":0},{"x":43,"y":75,"plane":1},{"x":27,"y":77,"plane":0},{"x":27,"y":77,"plane":1},{"x":43,"y":77,"plane":1},{"x":27,"y":79,"plane":2},{"x":27,"y":80,"plane":0},{"x":27,"y":80,"plane":1},{"x":43,"y":80,"plane":0},{"x":43,"y":80,"plane":1},{"x":27,"y":81,"plane":0},{"x":27,"y":81,"plane":1},{"x":27,"y":81,"plane":2},{"x":27,"y":82,"plane":1},{"x":27,"y":83,"plane":0},{"x":27,"y":83,"plane":1},{"x":27,"y":83,"plane":2},{"x":27,"y":85,"plane":0},{"x":43,"y":85,"plane":0},{"x":43,"y":86,"plane":0},{"x":59,"y":87,"plane":0},{"x":59,"y":88,"plane":0},{"x":59,"y":89,"plane":0},{"x":27,"y":94,"plane":0},{"x":43,"y":94,"plane":0},{"x":43,"y":94,"plane":1},{"x":27,"y":95,"plane":0},{"x":27,"y":95,"plane":1},{"x":43,"y":95,"plane":0},{"x":43,"y":95,"plane":1},{"x":43,"y":95,"plane":2},{"x":27,"y":96,"plane":0},{"x":43,"y":96,"plane":0},{"x":59,"y":141,"plane":0},{"x":59,"y":141,"plane":1},{"x":43,"y":142,"plane":0},{"x":43,"y":142,"plane":1},{"x":59,"y":142,"plane":0},{"x":59,"y":142,"plane":1},{"x":59,"y":142,"plane":2},{"x":59,"y":142,"plane":3},{"x":43,"y":143,"plane":0},{"x":43,"y":143,"plane":1},{"x":59,"y":144,"plane":0},{"x":59,"y":144,"plane":1},{"x":43,"y":145,"plane":0},{"x":43,"y":145,"plane":1},{"x":43,"y":145,"plane":2},{"x":43,"y":146,"plane":0},{"x":43,"y":146,"plane":1},{"x":59,"y":147,"plane":0},{"x":43,"y":148,"plane":0},{"x":43,"y":149,"plane":0},{"x":43,"y":149,"plane":1},{"x":43,"y":149,"plane":2},{"x":43,"y":149,"plane":3},{"x":43,"y":150,"plane":0},{"x":59,"y":151,"plane":1},{"x":59,"y":152,"plane":1},{"x":59,"y":152,"plane":2},{"x":43,"y":153,"plane":0},{"x":43,"y":153,"plane":1},{"x":43,"y":153,"plane":2},{"x":59,"y":153,"plane":1},{"x":59,"y":153,"plane":2},{"x":27,"y":155,"plane":0},{"x":59,"y":155,"plane":0},{"x":27,"y":156,"plane":0},{"x":27,"y":156,"plane":1},{"x":43,"y":156,"plane":0},{"x":27,"y":157,"plane":0},{"x":43,"y":157,"plane":0},{"x":43,"y":157,"plane":1},{"x":27,"y":158,"plane":0},{"x":27,"y":158,"plane":1},{"x":27,"y":158,"plane":2},{"x":43,"y":158,"plane":0},{"x":59,"y":158,"plane":0},{"x":59,"y":158,"plane":1},{"x":59,"y":158,"plane":2},{"x":59,"y":158,"plane":3},{"x":27,"y":159,"plane":1},{"x":27,"y":159,"plane":2},{"x":43,"y":159,"plane":0},{"x":43,"y":159,"plane":1},{"x":43,"y":159,"plane":2},{"x":59,"y":159,"plane":0},{"x":59,"y":159,"plane":1},{"x":59,"y":159,"plane":2},{"x":59,"y":159,"plane":3},{"x":59,"y":160,"plane":0},{"x":59,"y":160,"plane":1},{"x":59,"y":160,"plane":2},{"x":59,"y":160,"plane":3},{"x":28,"y":39,"plane":0},{"x":44,"y":39,"plane":0},{"x":60,"y":39,"plane":0},{"x":28,"y":40,"plane":0},{"x":44,"y":40,"plane":0},{"x":60,"y":40,"plane":0},{"x":28,"y":41,"plane":0},{"x":44,"y":41,"plane":0},{"x":60,"y":41,"plane":0},{"x":28,"y":42,"plane":0},{"x":44,"y":42,"plane":0},{"x":60,"y":42,"plane":0},{"x":28,"y":43,"plane":0},{"x":44,"y":43,"plane":0},{"x":60,"y":43,"plane":0},{"x":28,"y":44,"plane":0},{"x":44,"y":44,"plane":0},{"x":60,"y":44,"plane":0},{"x":28,"y":45,"plane":0},{"x":44,"y":45,"plane":0},{"x":60,"y":45,"plane":0},{"x":28,"y":46,"plane":0},{"x":44,"y":46,"plane":0},{"x":44,"y":46,"plane":1},{"x":44,"y":46,"plane":2},{"x":60,"y":46,"plane":0},{"x":28,"y":47,"plane":0},{"x":44,"y":47,"plane":0},{"x":60,"y":47,"plane":0},{"x":28,"y":48,"plane":0},{"x":44,"y":48,"plane":0},{"x":60,"y":48,"plane":0},{"x":28,"y":49,"plane":0},{"x":44,"y":49,"plane":0},{"x":60,"y":49,"plane":0},{"x":28,"y":50,"plane":0},{"x":44,"y":50,"plane":0},{"x":44,"y":50,"plane":1},{"x":44,"y":50,"plane":2},{"x":60,"y":50,"plane":0},{"x":28,"y":51,"plane":0},{"x":44,"y":51,"plane":0},{"x":44,"y":51,"plane":1},{"x":44,"y":51,"plane":2},{"x":60,"y":51,"plane":0},{"x":28,"y":52,"plane":0},{"x":44,"y":52,"plane":0},{"x":44,"y":52,"plane":1},{"x":44,"y":52,"plane":2},{"x":60,"y":52,"plane":0},{"x":28,"y":53,"plane":0},{"x":44,"y":53,"plane":0},{"x":44,"y":53,"plane":1},{"x":60,"y":53,"plane":0},{"x":28,"y":54,"plane":0},{"x":28,"y":54,"plane":1},{"x":44,"y":54,"plane":0},{"x":60,"y":54,"plane":0},{"x":28,"y":55,"plane":0},{"x":44,"y":55,"plane":0},{"x":44,"y":55,"plane":1},{"x":44,"y":55,"plane":2},{"x":44,"y":55,"plane":3},{"x":60,"y":55,"plane":0},{"x":28,"y":56,"plane":0},{"x":28,"y":56,"plane":1},{"x":44,"y":56,"plane":0},{"x":60,"y":56,"plane":0},{"x":28,"y":57,"plane":0},{"x":28,"y":57,"plane":1},{"x":28,"y":57,"plane":2},{"x":44,"y":57,"plane":0},{"x":60,"y":57,"plane":0},{"x":28,"y":58,"plane":0},{"x":28,"y":58,"plane":1},{"x":28,"y":58,"plane":2},{"x":28,"y":58,"plane":3},{"x":44,"y":58,"plane":0},{"x":60,"y":58,"plane":0},{"x":28,"y":59,"plane":0},{"x":28,"y":59,"plane":1},{"x":44,"y":59,"plane":0},{"x":60,"y":59,"plane":0},{"x":28,"y":60,"plane":0},{"x":44,"y":60,"plane":0},{"x":60,"y":60,"plane":0},{"x":28,"y":61,"plane":0},{"x":44,"y":61,"plane":0},{"x":44,"y":61,"plane":2},{"x":60,"y":61,"plane":0},{"x":28,"y":62,"plane":0},{"x":44,"y":62,"plane":0},{"x":60,"y":62,"plane":0},{"x":28,"y":63,"plane":0},{"x":44,"y":63,"plane":0},{"x":60,"y":63,"plane":0},{"x":28,"y":64,"plane":0},{"x":44,"y":64,"plane":0},{"x":60,"y":64,"plane":0},{"x":28,"y":66,"plane":0},{"x":28,"y":68,"plane":1},{"x":28,"y":68,"plane":2},{"x":28,"y":68,"plane":3},{"x":28,"y":70,"plane":0},{"x":44,"y":71,"plane":0},{"x":28,"y":74,"plane":0},{"x":28,"y":74,"plane":1},{"x":28,"y":75,"plane":0},{"x":44,"y":75,"plane":0},{"x":28,"y":76,"plane":0},{"x":44,"y":77,"plane":2},{"x":28,"y":79,"plane":2},{"x":44,"y":79,"plane":0},{"x":44,"y":79,"plane":1},{"x":44,"y":79,"plane":2},{"x":28,"y":80,"plane":2},{"x":28,"y":81,"plane":2},{"x":28,"y":82,"plane":2},{"x":44,"y":82,"plane":1},{"x":44,"y":82,"plane":2},{"x":44,"y":82,"plane":3},{"x":44,"y":83,"plane":2},{"x":44,"y":83,"plane":3},{"x":28,"y":87,"plane":0},{"x":28,"y":87,"plane":1},{"x":28,"y":87,"plane":2},{"x":28,"y":87,"plane":3},{"x":28,"y":89,"plane":0},{"x":44,"y":94,"plane":0},{"x":44,"y":94,"plane":1},{"x":44,"y":94,"plane":2},{"x":44,"y":94,"plane":3},{"x":44,"y":95,"plane":0},{"x":44,"y":95,"plane":1},{"x":28,"y":96,"plane":0},{"x":44,"y":96,"plane":0},{"x":28,"y":97,"plane":0},{"x":60,"y":141,"plane":0},{"x":60,"y":142,"plane":0},{"x":60,"y":142,"plane":1},{"x":60,"y":142,"plane":2},{"x":60,"y":142,"plane":3},{"x":44,"y":144,"plane":0},{"x":44,"y":145,"plane":0},{"x":44,"y":146,"plane":0},{"x":44,"y":148,"plane":0},{"x":44,"y":148,"plane":1},{"x":44,"y":148,"plane":2},{"x":44,"y":149,"plane":0},{"x":44,"y":149,"plane":1},{"x":44,"y":150,"plane":0},{"x":44,"y":150,"plane":1},{"x":44,"y":151,"plane":0},{"x":60,"y":151,"plane":1},{"x":44,"y":152,"plane":0},{"x":44,"y":152,"plane":1},{"x":60,"y":152,"plane":1},{"x":44,"y":153,"plane":0},{"x":44,"y":153,"plane":1},{"x":60,"y":153,"plane":1},{"x":28,"y":154,"plane":0},{"x":44,"y":154,"plane":0},{"x":44,"y":154,"plane":1},{"x":60,"y":154,"plane":0},{"x":28,"y":155,"plane":0},{"x":44,"y":155,"plane":0},{"x":60,"y":155,"plane":0},{"x":60,"y":155,"plane":3},{"x":44,"y":157,"plane":0},{"x":44,"y":157,"plane":1},{"x":44,"y":157,"plane":2},{"x":28,"y":158,"plane":0},{"x":28,"y":158,"plane":1},{"x":28,"y":158,"plane":2},{"x":44,"y":158,"plane":0},{"x":44,"y":158,"plane":1},{"x":44,"y":158,"plane":2},{"x":28,"y":159,"plane":1},{"x":28,"y":159,"plane":2},{"x":44,"y":159,"plane":0},{"x":44,"y":159,"plane":1},{"x":44,"y":159,"plane":2},{"x":44,"y":159,"plane":3},{"x":44,"y":161,"plane":0},{"x":29,"y":39,"plane":0},{"x":45,"y":39,"plane":0},{"x":29,"y":40,"plane":0},{"x":45,"y":40,"plane":0},{"x":29,"y":41,"plane":0},{"x":45,"y":41,"plane":0},{"x":29,"y":42,"plane":0},{"x":45,"y":42,"plane":0},{"x":29,"y":43,"plane":0},{"x":45,"y":43,"plane":0},{"x":29,"y":44,"plane":0},{"x":45,"y":44,"plane":0},{"x":29,"y":45,"plane":0},{"x":45,"y":45,"plane":0},{"x":29,"y":46,"plane":0},{"x":45,"y":46,"plane":0},{"x":29,"y":47,"plane":0},{"x":45,"y":47,"plane":0},{"x":29,"y":48,"plane":0},{"x":45,"y":48,"plane":0},{"x":29,"y":49,"plane":0},{"x":45,"y":49,"plane":0},{"x":29,"y":50,"plane":0},{"x":45,"y":50,"plane":0},{"x":45,"y":50,"plane":1},{"x":45,"y":50,"plane":2},{"x":29,"y":51,"plane":0},{"x":45,"y":51,"plane":0},{"x":45,"y":51,"plane":1},{"x":29,"y":52,"plane":0},{"x":45,"y":52,"plane":0},{"x":45,"y":52,"plane":1},{"x":45,"y":52,"plane":2},{"x":45,"y":52,"plane":3},{"x":29,"y":53,"plane":0},{"x":45,"y":53,"plane":0},{"x":45,"y":53,"plane":1},{"x":29,"y":54,"plane":0},{"x":45,"y":54,"plane":0},{"x":45,"y":54,"plane":1},{"x":45,"y":54,"plane":2},{"x":29,"y":55,"plane":0},{"x":45,"y":55,"plane":0},{"x":45,"y":55,"plane":1},{"x":29,"y":56,"plane":0},{"x":45,"y":56,"plane":0},{"x":29,"y":57,"plane":0},{"x":45,"y":57,"plane":0},{"x":29,"y":58,"plane":0},{"x":45,"y":58,"plane":0},{"x":29,"y":59,"plane":0},{"x":45,"y":59,"plane":0},{"x":29,"y":60,"plane":0},{"x":45,"y":60,"plane":0},{"x":29,"y":61,"plane":0},{"x":45,"y":61,"plane":0},{"x":29,"y":62,"plane":0},{"x":45,"y":62,"plane":0},{"x":29,"y":63,"plane":0},{"x":45,"y":63,"plane":0},{"x":29,"y":64,"plane":0},{"x":45,"y":64,"plane":0},{"x":29,"y":66,"plane":0},{"x":29,"y":68,"plane":0},{"x":29,"y":68,"plane":1},{"x":29,"y":68,"plane":2},{"x":29,"y":68,"plane":3},{"x":45,"y":68,"plane":0},{"x":45,"y":68,"plane":1},{"x":45,"y":69,"plane":0},{"x":45,"y":69,"plane":1},{"x":45,"y":70,"plane":0},{"x":45,"y":70,"plane":1},{"x":45,"y":70,"plane":2},{"x":45,"y":70,"plane":3},{"x":45,"y":71,"plane":0},{"x":29,"y":72,"plane":0},{"x":29,"y":72,"plane":1},{"x":29,"y":72,"plane":2},{"x":45,"y":73,"plane":0},{"x":45,"y":73,"plane":1},{"x":45,"y":73,"plane":2},{"x":29,"y":75,"plane":0},{"x":29,"y":75,"plane":1},{"x":45,"y":75,"plane":0},{"x":29,"y":76,"plane":0},{"x":29,"y":76,"plane":1},{"x":29,"y":77,"plane":0},{"x":29,"y":77,"plane":1},{"x":29,"y":77,"plane":2},{"x":29,"y":77,"plane":3},{"x":45,"y":77,"plane":3},{"x":29,"y":78,"plane":0},{"x":45,"y":79,"plane":0},{"x":45,"y":79,"plane":1},{"x":29,"y":80,"plane":0},{"x":29,"y":81,"plane":0},{"x":29,"y":81,"plane":1},{"x":29,"y":81,"plane":2},{"x":29,"y":81,"plane":3},{"x":45,"y":81,"plane":0},{"x":45,"y":81,"plane":1},{"x":45,"y":81,"plane":2},{"x":45,"y":81,"plane":3},{"x":45,"y":82,"plane":0},{"x":45,"y":82,"plane":1},{"x":45,"y":82,"plane":2},{"x":45,"y":82,"plane":3},{"x":29,"y":83,"plane":0},{"x":45,"y":83,"plane":1},{"x":45,"y":83,"plane":2},{"x":45,"y":83,"plane":3},{"x":29,"y":84,"plane":0},{"x":29,"y":84,"plane":1},{"x":29,"y":85,"plane":0},{"x":45,"y":85,"plane":0},{"x":45,"y":85,"plane":1},{"x":29,"y":88,"plane":0},{"x":29,"y":88,"plane":1},{"x":29,"y":89,"plane":0},{"x":29,"y":89,"plane":1},{"x":29,"y":89,"plane":2},{"x":29,"y":89,"plane":3},{"x":29,"y":90,"plane":0},{"x":29,"y":90,"plane":1},{"x":29,"y":90,"plane":2},{"x":29,"y":90,"plane":3},{"x":45,"y":90,"plane":0},{"x":29,"y":91,"plane":0},{"x":45,"y":91,"plane":0},{"x":29,"y":92,"plane":0},{"x":29,"y":93,"plane":0},{"x":29,"y":94,"plane":0},{"x":29,"y":96,"plane":0},{"x":45,"y":96,"plane":0},{"x":45,"y":96,"plane":1},{"x":45,"y":96,"plane":2},{"x":29,"y":97,"plane":0},{"x":29,"y":140,"plane":1},{"x":45,"y":142,"plane":0},{"x":45,"y":145,"plane":0},{"x":45,"y":145,"plane":1},{"x":45,"y":145,"plane":2},{"x":45,"y":146,"plane":0},{"x":45,"y":146,"plane":1},{"x":45,"y":146,"plane":2},{"x":45,"y":146,"plane":3},{"x":45,"y":148,"plane":0},{"x":45,"y":148,"plane":1},{"x":45,"y":150,"plane":0},{"x":45,"y":151,"plane":0},{"x":45,"y":151,"plane":1},{"x":45,"y":151,"plane":2},{"x":45,"y":152,"plane":0},{"x":45,"y":152,"plane":1},{"x":45,"y":153,"plane":0},{"x":45,"y":153,"plane":1},{"x":45,"y":154,"plane":0},{"x":29,"y":155,"plane":0},{"x":45,"y":155,"plane":0},{"x":61,"y":155,"plane":0},{"x":45,"y":156,"plane":0},{"x":45,"y":157,"plane":0},{"x":45,"y":157,"plane":2},{"x":45,"y":158,"plane":0},{"x":45,"y":158,"plane":1},{"x":45,"y":158,"plane":2},{"x":45,"y":159,"plane":0},{"x":45,"y":159,"plane":1},{"x":45,"y":159,"plane":2},{"x":45,"y":159,"plane":3},{"x":30,"y":39,"plane":0},{"x":46,"y":39,"plane":0},{"x":30,"y":40,"plane":0},{"x":46,"y":40,"plane":0},{"x":30,"y":41,"plane":0},{"x":46,"y":41,"plane":0},{"x":30,"y":42,"plane":0},{"x":46,"y":42,"plane":0},{"x":30,"y":43,"plane":0},{"x":46,"y":43,"plane":0},{"x":30,"y":44,"plane":0},{"x":46,"y":44,"plane":0},{"x":30,"y":45,"plane":0},{"x":46,"y":45,"plane":0},{"x":30,"y":46,"plane":0},{"x":46,"y":46,"plane":0},{"x":30,"y":47,"plane":0},{"x":46,"y":47,"plane":0},{"x":46,"y":47,"plane":1},{"x":46,"y":47,"plane":2},{"x":30,"y":48,"plane":0},{"x":46,"y":48,"plane":0},{"x":30,"y":49,"plane":0},{"x":46,"y":49,"plane":0},{"x":46,"y":49,"plane":1},{"x":46,"y":49,"plane":2},{"x":30,"y":50,"plane":0},{"x":46,"y":50,"plane":0},{"x":46,"y":50,"plane":1},{"x":30,"y":51,"plane":0},{"x":46,"y":51,"plane":0},{"x":46,"y":51,"plane":1},{"x":46,"y":51,"plane":2},{"x":30,"y":52,"plane":0},{"x":46,"y":52,"plane":0},{"x":46,"y":52,"plane":1},{"x":46,"y":52,"plane":2},{"x":46,"y":52,"plane":3},{"x":30,"y":53,"plane":0},{"x":46,"y":53,"plane":0},{"x":46,"y":53,"plane":1},{"x":30,"y":54,"plane":0},{"x":46,"y":54,"plane":0},{"x":46,"y":54,"plane":1},{"x":46,"y":54,"plane":2},{"x":30,"y":55,"plane":0},{"x":46,"y":55,"plane":0},{"x":30,"y":56,"plane":0},{"x":46,"y":56,"plane":0},{"x":30,"y":57,"plane":0},{"x":46,"y":57,"plane":0},{"x":30,"y":58,"plane":0},{"x":46,"y":58,"plane":0},{"x":30,"y":59,"plane":0},{"x":46,"y":59,"plane":0},{"x":30,"y":60,"plane":0},{"x":46,"y":60,"plane":0},{"x":30,"y":61,"plane":0},{"x":46,"y":61,"plane":0},{"x":30,"y":62,"plane":0},{"x":46,"y":62,"plane":0},{"x":30,"y":63,"plane":0},{"x":46,"y":63,"plane":0},{"x":30,"y":64,"plane":0},{"x":46,"y":64,"plane":0},{"x":46,"y":66,"plane":0},{"x":46,"y":66,"plane":2},{"x":30,"y":68,"plane":0},{"x":30,"y":68,"plane":1},{"x":30,"y":68,"plane":2},{"x":30,"y":68,"plane":3},{"x":46,"y":68,"plane":0},{"x":46,"y":68,"plane":2},{"x":30,"y":69,"plane":0},{"x":30,"y":69,"plane":2},{"x":30,"y":69,"plane":3},{"x":46,"y":70,"plane":0},{"x":46,"y":70,"plane":1},{"x":46,"y":70,"plane":2},{"x":46,"y":70,"plane":3},{"x":46,"y":71,"plane":0},{"x":46,"y":71,"plane":1},{"x":46,"y":71,"plane":2},{"x":46,"y":71,"plane":3},{"x":30,"y":72,"plane":0},{"x":30,"y":72,"plane":1},{"x":30,"y":73,"plane":0},{"x":30,"y":73,"plane":1},{"x":30,"y":74,"plane":0},{"x":46,"y":74,"plane":0},{"x":30,"y":75,"plane":0},{"x":46,"y":75,"plane":0},{"x":30,"y":76,"plane":0},{"x":30,"y":76,"plane":1},{"x":30,"y":76,"plane":2},{"x":30,"y":77,"plane":0},{"x":30,"y":78,"plane":0},{"x":46,"y":78,"plane":1},{"x":46,"y":78,"plane":2},{"x":46,"y":79,"plane":1},{"x":46,"y":79,"plane":2},{"x":30,"y":80,"plane":0},{"x":30,"y":80,"plane":1},{"x":30,"y":80,"plane":2},{"x":30,"y":80,"plane":3},{"x":46,"y":81,"plane":0},{"x":46,"y":81,"plane":1},{"x":46,"y":81,"plane":2},{"x":30,"y":83,"plane":0},{"x":30,"y":83,"plane":1},{"x":30,"y":86,"plane":0},{"x":30,"y":86,"plane":1},{"x":30,"y":86,"plane":3},{"x":30,"y":87,"plane":0},{"x":30,"y":88,"plane":0},{"x":30,"y":88,"plane":1},{"x":30,"y":89,"plane":0},{"x":30,"y":89,"plane":1},{"x":30,"y":89,"plane":2},{"x":30,"y":89,"plane":3},{"x":30,"y":90,"plane":0},{"x":30,"y":90,"plane":1},{"x":30,"y":90,"plane":2},{"x":30,"y":90,"plane":3},{"x":46,"y":90,"plane":0},{"x":46,"y":90,"plane":1},{"x":30,"y":91,"plane":0},{"x":46,"y":91,"plane":0},{"x":30,"y":92,"plane":0},{"x":30,"y":93,"plane":0},{"x":30,"y":93,"plane":1},{"x":30,"y":94,"plane":0},{"x":30,"y":94,"plane":1},{"x":30,"y":94,"plane":2},{"x":30,"y":96,"plane":0},{"x":30,"y":97,"plane":0},{"x":30,"y":97,"plane":1},{"x":30,"y":140,"plane":1},{"x":62,"y":140,"plane":0},{"x":30,"y":141,"plane":1},{"x":62,"y":141,"plane":0},{"x":62,"y":141,"plane":1},{"x":62,"y":141,"plane":2},{"x":62,"y":142,"plane":0},{"x":62,"y":142,"plane":1},{"x":62,"y":142,"plane":2},{"x":30,"y":147,"plane":0},{"x":46,"y":148,"plane":0},{"x":46,"y":148,"plane":1},{"x":46,"y":148,"plane":2},{"x":46,"y":148,"plane":3},{"x":46,"y":149,"plane":0},{"x":46,"y":150,"plane":0},{"x":46,"y":150,"plane":1},{"x":46,"y":150,"plane":2},{"x":46,"y":151,"plane":0},{"x":46,"y":151,"plane":1},{"x":46,"y":152,"plane":0},{"x":46,"y":152,"plane":1},{"x":46,"y":152,"plane":2},{"x":46,"y":153,"plane":0},{"x":46,"y":153,"plane":1},{"x":46,"y":153,"plane":2},{"x":46,"y":154,"plane":0},{"x":46,"y":161,"plane":0},{"x":46,"y":161,"plane":1},{"x":31,"y":39,"plane":0},{"x":47,"y":39,"plane":0},{"x":31,"y":40,"plane":0},{"x":47,"y":40,"plane":0},{"x":31,"y":41,"plane":0},{"x":47,"y":41,"plane":0},{"x":31,"y":42,"plane":0},{"x":47,"y":42,"plane":0},{"x":31,"y":43,"plane":0},{"x":47,"y":43,"plane":0},{"x":31,"y":44,"plane":0},{"x":47,"y":44,"plane":0},{"x":31,"y":45,"plane":0},{"x":47,"y":45,"plane":0},{"x":31,"y":46,"plane":0},{"x":47,"y":46,"plane":0},{"x":31,"y":47,"plane":0},{"x":47,"y":47,"plane":0},{"x":31,"y":48,"plane":0},{"x":47,"y":48,"plane":0},{"x":31,"y":49,"plane":0},{"x":47,"y":49,"plane":0},{"x":47,"y":49,"plane":1},{"x":47,"y":49,"plane":2},{"x":31,"y":50,"plane":0},{"x":47,"y":50,"plane":0},{"x":47,"y":50,"plane":1},{"x":47,"y":50,"plane":2},{"x":31,"y":51,"plane":0},{"x":47,"y":51,"plane":0},{"x":47,"y":51,"plane":1},{"x":31,"y":52,"plane":0},{"x":47,"y":52,"plane":0},{"x":47,"y":52,"plane":1},{"x":47,"y":52,"plane":2},{"x":47,"y":52,"plane":3},{"x":31,"y":53,"plane":0},{"x":47,"y":53,"plane":0},{"x":47,"y":53,"plane":1},{"x":31,"y":54,"plane":0},{"x":47,"y":54,"plane":0},{"x":47,"y":54,"plane":1},{"x":47,"y":54,"plane":2},{"x":47,"y":54,"plane":3},{"x":31,"y":55,"plane":0},{"x":47,"y":55,"plane":0},{"x":47,"y":55,"plane":1},{"x":47,"y":55,"plane":2},{"x":31,"y":56,"plane":0},{"x":47,"y":56,"plane":0},{"x":47,"y":56,"plane":1},{"x":47,"y":56,"plane":2},{"x":47,"y":56,"plane":3},{"x":31,"y":57,"plane":0},{"x":47,"y":57,"plane":0},{"x":47,"y":57,"plane":1},{"x":31,"y":58,"plane":0},{"x":47,"y":58,"plane":0},{"x":31,"y":59,"plane":0},{"x":47,"y":59,"plane":0},{"x":31,"y":60,"plane":0},{"x":47,"y":60,"plane":0},{"x":31,"y":61,"plane":0},{"x":47,"y":61,"plane":0},{"x":47,"y":61,"plane":1},{"x":47,"y":61,"plane":2},{"x":31,"y":62,"plane":0},{"x":47,"y":62,"plane":0},{"x":31,"y":63,"plane":0},{"x":47,"y":63,"plane":0},{"x":31,"y":64,"plane":0},{"x":47,"y":64,"plane":0},{"x":47,"y":68,"plane":0},{"x":31,"y":69,"plane":0},{"x":31,"y":69,"plane":1},{"x":31,"y":70,"plane":0},{"x":31,"y":70,"plane":1},{"x":31,"y":70,"plane":2},{"x":31,"y":70,"plane":3},{"x":47,"y":70,"plane":0},{"x":47,"y":70,"plane":2},{"x":31,"y":72,"plane":0},{"x":31,"y":72,"plane":1},{"x":31,"y":73,"plane":1},{"x":31,"y":73,"plane":2},{"x":47,"y":73,"plane":0},{"x":47,"y":73,"plane":2},{"x":47,"y":73,"plane":3},{"x":31,"y":74,"plane":0},{"x":31,"y":74,"plane":1},{"x":47,"y":74,"plane":0},{"x":31,"y":75,"plane":0},{"x":31,"y":75,"plane":1},{"x":47,"y":75,"plane":0},{"x":31,"y":76,"plane":0},{"x":47,"y":76,"plane":0},{"x":31,"y":77,"plane":0},{"x":31,"y":77,"plane":1},{"x":31,"y":77,"plane":2},{"x":31,"y":77,"plane":3},{"x":47,"y":77,"plane":0},{"x":47,"y":77,"plane":1},{"x":47,"y":77,"plane":2},{"x":31,"y":78,"plane":0},{"x":47,"y":78,"plane":0},{"x":47,"y":78,"plane":1},{"x":47,"y":78,"plane":2},{"x":31,"y":79,"plane":0},{"x":47,"y":79,"plane":1},{"x":31,"y":81,"plane":0},{"x":31,"y":81,"plane":1},{"x":31,"y":81,"plane":2},{"x":31,"y":81,"plane":3},{"x":47,"y":81,"plane":0},{"x":47,"y":81,"plane":1},{"x":47,"y":81,"plane":2},{"x":47,"y":83,"plane":0},{"x":47,"y":83,"plane":1},{"x":47,"y":85,"plane":0},{"x":47,"y":85,"plane":1},{"x":31,"y":86,"plane":0},{"x":31,"y":86,"plane":1},{"x":31,"y":86,"plane":2},{"x":31,"y":86,"plane":3},{"x":31,"y":87,"plane":0},{"x":47,"y":87,"plane":0},{"x":31,"y":89,"plane":0},{"x":31,"y":89,"plane":1},{"x":31,"y":90,"plane":0},{"x":31,"y":90,"plane":1},{"x":47,"y":90,"plane":0},{"x":31,"y":91,"plane":0},{"x":31,"y":92,"plane":0},{"x":47,"y":92,"plane":0},{"x":31,"y":93,"plane":0},{"x":31,"y":94,"plane":0},{"x":47,"y":94,"plane":0},{"x":47,"y":95,"plane":0},{"x":47,"y":95,"plane":1},{"x":31,"y":140,"plane":1},{"x":63,"y":140,"plane":0},{"x":63,"y":141,"plane":0},{"x":63,"y":141,"plane":1},{"x":63,"y":141,"plane":2},{"x":63,"y":142,"plane":0},{"x":63,"y":142,"plane":1},{"x":63,"y":142,"plane":2},{"x":47,"y":149,"plane":0},{"x":47,"y":150,"plane":0},{"x":47,"y":150,"plane":1},{"x":47,"y":150,"plane":2},{"x":47,"y":150,"plane":3},{"x":47,"y":151,"plane":0},{"x":47,"y":151,"plane":1},{"x":47,"y":152,"plane":0},{"x":47,"y":153,"plane":0},{"x":47,"y":153,"plane":1},{"x":47,"y":154,"plane":0},{"x":47,"y":155,"plane":0},{"x":47,"y":155,"plane":1},{"x":47,"y":158,"plane":0},{"x":47,"y":158,"plane":1},{"x":47,"y":158,"plane":3},{"x":47,"y":160,"plane":0},{"x":47,"y":161,"plane":0},{"x":47,"y":161,"plane":1}]